# hex,owner,ladd — generated by scripts/gen-le-aircraft.py, do not edit
20c462,US CUSTOMS & BORDER PROTECTION  OFFICE OF AIR AN,0
25ea33,US CUSTOMS & BORDER PROTECTION  NATIONAL AIR SEC,0
29f7db,UNITED STATES CUSTOMS AND BORDER PROTECTION  OFF,0
486868,Dutch Police,0
70c12d,Royal Oman Police,0
70c12e,Royal Oman Police,0
70c12f,Royal Oman Police,0
71d870,Korean National Police,0
71d871,Korean National Police,0
71d872,Korean National Police,0
71d873,Korean National Police,0
71d91a,Korean National Police,0
71d91b,Korean National Police,0
71d91c,Korean National Police,0
71d91d,Korean National Police,0
7c0ff9,STATE OF NEW SOUTH WALES REPRESENTED BY NSW POLI,1
7c1185,STATE OF NEW SOUTH WALES REPRESENTED BY NSW POLI,1
7c1239,STATE OF NEW SOUTH WALES REPRESENTED BY NSW POLI,1
7c1563,AUSTRALIAN FEDERAL POLICE,1
7c1cdb,STATE OF WESTERN AUSTRALIA - REPRESENTED BY COMM,0
7c4ced,STATE OF NEW SOUTH WALES REPRESENTED BY NSW POLI,1
7c4cf8,STATE OF NEW SOUTH WALES REPRESENTED BY NSW POLI,1
7c4d02,STATE OF NEW SOUTH WALES REPRESENTED BY NSW POLI,1
7c4d05,STATE OF NEW SOUTH WALES REPRESENTED BY NSW POLI,1
7c4e49,STATE OF NEW SOUTH WALES REPRESENTED BY NSW POLI,1
7c4ee8,SKYTRADERS PTY LTD/Victoria Police,1
7c6bdc,STATE OF WESTERN AUSTRALIA - REPRESENTED BY COMM,1
7c6ca7,STATE OF WESTERN AUSTRALIA - REPRESENTED BY COMM,1
7c6ca8,WESTERN AUSTRALIA POLICE,1
7c7180,STATE OF WESTERN AUSTRALIA - REPRESENTED BY COMM,1
7c7181,STATE OF WESTERN AUSTRALIA - REPRESENTED BY COMM,0
7c718c,STATE OF WESTERN AUSTRALIA - REPRESENTED BY COMM,0
7c7194,STATE OF WESTERN AUSTRALIA - REPRESENTED BY COMM,0
a00137,STATE OF NEW JERSEY  C/O DEPT OF LAW AND PUBLIC,0
a00196,PINELLAS COUNTY SHERIFFS OFFICE,0
a001a0,STATE OF DELAWARE  DIV OF SAFETY AND HOMELAND SE,0
a002a3,ALAMEDA COUNTY SHERIFFS OFFICE,1
a003f9,STATE OF KENTUCKY  JUSTICE CABINET  DEPARTMENT O,0
a00504,MARSHALL COUNTY SHERIFF DEPT,0
a00534,FLORENCE COUNTY SHERIFFS OFFICE,0
a00650,MISSOURI STATE HIGHWAY PATROL,0
a00692,VICTORIA COUNTY SHERIFF,0
a00808,DEPARTMENT OF HOMELAND SECURITY,0
a00928,DEPARTMENT OF CALIFORNIA HIGHWAY PATROL,0
a009b4,FLOWOOD POLICE DEPARTMENT,0
a00a21,HILLSBOROUGH COUNTY SHERIFFS OFFICE,0
a00a25,HILLSBOROUGH COUNTY SHERIFFS OFFICE,0
a00cdf,CALIFORNIA HIGHWAY PATROL,0
a00d2a,WASHINGTON STATE PATROL,0
a00fa3,ST JOHNS COUNTY SHERIFFS OFFICE,1
a00ff1,SALT RIVER POLICE DEPT,0
a010af,CITY OF JACKSONVILLE SHERIFFS OFFICE,0
a0127d,WASHOE COUNTY SHERIFFS OFFICE,0
a014b1,MAITLAND POLICE DEPARTMENT,0
a0175f,SALT RIVER POLICE DEPARTMENT,0
a0178a,CADDO PARISH SHERIFF'S DEPT,0
a01868,MAITLAND POLICE DEPARTMENT,0
a018e5,DEPARTMENT OF EMERGENCY SVCS & PUBLIC PROTECTION,1
a018e7,SALT RIVER POLICE DEPARTMENT,0
a01d92,SHELBYVILLE POLICE DEP,0
a02053,DEPARTMENT OF EMERGENCY SVC & PUBLIC PROTECTION,1
a022ab,PASCO SHERIFF'S OFFICE,0
a022b0,DEPARTMENT OF HOMELAND SECURITY  CUSTOMS AND BOR,0
a022e9,DEPT OF HOMELAND SECURITY,0
a02400,RIVERSIDE COUNTY SHERIFFS,0
a0240a,DALE COUNTY SHERIFFS OFFICE,0
a02566,JEFFERSON COUNTY SHERIFFS OFFICE,0
a02598,STATE OF ALASKA  DEPARTMENT OF PUBLIC SAFETY,1
a0263f,BROWARD COUNTY SHERIFFS OFFICE,0
a026e0,FLORIDA HIGHWAY PATROL,0
a028c4,STATE OF ALASKA DEPARTMENT OF PUBLIC SAFETY,1
a02b6e,HARRIS COUNTY SHERIFFS OFFICE,0
a02b78,STATE OF NEW YORK  DIVISION OF STATE POLICE,0
a02cb3,BREVARD COUNTY SHERIFFS OFFICE,0
a02dc7,PINAL COUNTY SHERIFF DEPT,0
a030c3,LIVINGSTON PARISH SHERIFF DEPT,0
a0314b,DELAWARE STATE POLICE,0
a03188,STATE OF MICHIGAN  DEPARTMENT OF STATE POLICE  A,0
a0340c,ALACHUA COUNTY SHERIFFS OFFICE,0
a034c2,MESA POLICE DEPT,0
a0353f,MINNESOTA DEPARTMENT OF PUBLIC SAFETY,0
a03815,STATE OF OHIO  DEPARTMENT OF PUBLIC SAFETY  OHIO,0
a038a1,BREVARD COUNTY SHERIFF OFFICE,1
a039f7,ALACHUA COUNTY SHERIFF,0
a03a07,ALACHUA COUNTY SHERIFF,0
a03a8c,SCOTTSDALE POLICE DEPT,0
a03b59,MINNESOTA DEPARTMENT OF PUBLIC SAFETY  STATE PAT,0
a03c30,MESA POLICE DEPT,0
a03c58,OMAHA POLICE DEPARTMENT,0
a03cad,MINNESOTA STATE PATROL AVIATION,0
a03e97,OSCEOLA COUNTY SHERIFFS OFFICE,1
a03f75,DEPARTMENT OF HOMELAND SECURITY,0
a03fe7,MESA POLICE DEPT,0
a0400f,SALT RIVER POLICE DEPARTMENT,0
a04064,MINNESOTA STATE PATROL,0
a0439e,MISSOURI STATE HIGHWAY PATROL,0
a043a9,DEPARTMENT OF HOMELAND SECURITY,0
a043c6,SALT RIVER POLICE DEPARTMENT,0
a0441b,DELAWARE STATE POLICE,0
a046c3,LA PAZ CO SHERIFFS DEPT,0
a04742,LAS VEGAS METROPOLITAN POLICE DEPARTMENT,0
a04755,MESA POLICE DEPT,0
a049fc,ADAMS COUNTY SHERIFFS OFFICE,0
a04a1e,POLICE SCIENCE INSTITUTE INC,0
a04b0c,MESA POLICE DEPT,0
a04b7f,PINAL COUNTY SHERIFFS OFFICE,0
a04b89,MINNESOTA STATE PATROL,0
a04db3,ADAMS COUNTY SHERIFFS OFFICE,0
a04ec3,MESA POLICE DEPT,0
a04ee5,CITY OF NEW YORK  DEPARTMENT OF ENVIRONMENTAL PR,0
a05216,STATE OF OHIO  DEPT OF PUBLIC SAFETY  OHIO STATE,0
a05293,CITY OF NEWARK  N J POLICE DEPT,0
a052f7,NEW YORK STATE POLICE  AVIATION UNIT,1
a053e1,BAXTER COUNTY SHERIFFS DEPARTMENT,0
a054f5,CITY OF NEW YORK  DEPARTMENT OF ENVIRONMENTAL PR,0
a05545,ST CHARLES PARISH SHERIFFS OFFICE,0
a0584c,TOMBALL POLICE DEPARTMENT,0
a05868,OSCEOLA CO SHERIFF OFFICE,0
a05f83,PALM BEACH COUNTY SHERIFFS OFFICE,0
a06006,NORTH CAROLINA STATE HIGHWAY PATROL,0
a0642c,MINNESOTA STATE PATROL,0
a0644d,TEXAS DEPARTMENT OF PUBLIC SAFETY,0
a06653,AUSTIN POLICE DEPT,0
a0669e,DALLAS POLICE DEPT.,0
a0677d,ALBUQUERQUE POLICE DEPARTMENT,0
a067e3,INDIANA STATE POLICE,0
a06aae,HENRY COUNTY SHERIFF'S OFFICE,0
a07232,DEPARTMENT OF HOMELAND SECURITY,0
a07642,MESA POLICE DEPT,0
a076bf,NEW YORK STATE POLICE,1
a07834,ST JOHNS COUNTY SHERIFFS OFFICE,0
a07a6c,SNOHOMISH COUNTY SHERIFFS OFFICE,0
a07a76,NEW YORK STATE POLICE,1
a07c86,PUERTO RICO POLICE DEPARTMENT,1
a07da8,DEPARTMENT OF HOMELAND SECURITY  US CUSTOMS & BO,0
a0807c,BENTON COUNTY SHERIFFS DEPARTMENT,0
a083c0,MESA POLICE DEPT,0
a0843d,INDIANA STATE POLICE,0
a08577,STATE OF ALASKA  DEPT OF PUBLIC SAFETY,1
a08ba1,BENTON COUNTY SHERIFFS OFFICE,0
a095ef,CALIFORNIA HIGHWAY PATROL  OFFICE OF AIR OPERATI,0
a0967b,PUERTO RICO POLICE DEPARTMENT,1
a09a32,PUERTO RICO POLICE DEPARTMENT,1
a09c14,STATE OF ALASKA  DEPT OF PUBLIC SAFETY ALASKA WI,1
a09cfc,VOLUSIA SHERIFFS OFFICE,0
a09d5d,CALIFORNIA HIGHWAY PATROL  OFFICE OF AIR OPERATI,0
a09de9,PUERTO RICO POLICE DEPT,1
a0a1eb,LAKE COUNTY SHERIFFS OFFICE,0
a0a36d,CALIFORNIA HIGHWAY PATROL,0
a0a7b0,CITY OF ATLANTA POLICE,0
a0aa61,US CUSTOMS & BORDER PROTECTION  OFFICE OF AIR &,0
a0abb1,SPARTANBURG COUNTY SHERIFFS OFFICE,0
a0abbc,GEORGIA STATE PATROL,0
a0acf4,MARICOPA COUNTY SHERIFFS OFFICE  ATTN AVIATION D,0
a0ae18,US CUSTOMS & BORDER PROTECTION  OFFICE OF AIR &,0
a0af01,DEPARTMENT OF HOMELAND SECURITY,0
a0b1cf,US CUSTOMS & BORDER PROTECTION  OFFICE OF AIR &,0
a0b32a,GEORGIA STATE PATROL,0
a0b59f,VOLUSIA SHERIFFS OFFICE,0
a0b5a2,LAS VEGAS METROPOLITAN POLICE DEPARTMENT,0
a0b651,LAS VEGAS METROPOLITAN POLICE DEPARTMENT,0
a0b693,STATE OF ALASKA  DEPARTMENT OF PUBLIC SAFETY  AC,1
a0b702,TEXAS DEPARTMENT OF PUBLIC SAFETY,0
a0b721,VENTURA COUNTY SHERIFFS DEPARTMENT,0
a0b93d,UNITED STATES CUSTOMS AND BORDER PROTECTION,0
a0bcf4,UNITED STATES CUSTOMS AND BORDER PROTECTION  OFF,0
a0bdfa,PUERTO RICO POLICE DEPT,0
a0bf9a,SUFFOLK COUNTY POLICE PILOTS ASSOC,0
a0c0ab,UNITED STATES CUSTOMS AND BORDER PROTECTION,0
a0c1b1,CITY OF SAN JOSE-POLICE DEPARTMENT,0
a0c462,US CUSTOMS & BORDER PROTECTION  OFFICE OF AIR &,0
a0cb78,ANNE ARUNDEL COUNTY POLICE DEPT,0
a0cea3,MONTANA HIGHWAY PATROL  303 N ROBERTS,0
a0cf2f,ANNE ARUNDEL COUNTRY POLICE,0
a0cf3b,CITRUS COUNTY SHERIFFS OFFICE,0
a0cf44,DEPARTMENT OF HOMELAND SECURITY,0
a0d0d5,CITY OF DALLAS POLICE DEPARTMENT,0
a0d0f8,CITY OF DALLAS POLICE DEPARTMENT,0
a0d2e6,SALT RIVER POLICE DEPARTMENT,0
a0d611,CALIFORNIA HIGHWAY PATROL  OFFICE OF AIR OPERATI,0
a0d69d,ANNE ARUNDEL COUNTY POLICE DEPARTMENT,0
a0d6e8,JACKSON COUNTY SHERIFFS DEPT,0
a0da53,PUTNAM COUNTY SHERIFF'S OFFICE,0
a0da54,ANNE ARUNDEL COUNTY POLICE DEPARTMENT,0
a0dcda,COCONINO COUNTY SHERIFFS OFFICE,0
a0de0b,ANNE ARUNDEL COUNTY POLICE DEPT,0
a0de56,JACKSON COUNTY SHERIFFS DEPT,0
a0e07c,AK-CHIN POLICE DEPARTMENT,0
a0e136,CALIFORNIA HIGHWAY PATROL  OFFICE OF AIR OPERATI,0
a0e1c2,ANNE ARUNDEL COUNTY POLICE DEPT,0
a0e579,PUERTO RICO POLICE DEPT,0
a0e5ce,LOUISIANA STATE POLICE,0
a0e760,CITY OF HOUSTON POLICE DEPT,0
a0e834,PALM BEACH COUNTY SHERIFFS OFFICE,0
a0e899,HENRY COUNTY SHERIFF'S OFFICE,0
a0e8e6,COLLIER COUNTY SHERIFFS OFFICE,0
a0e93d,GREENVILLE COUNTY SHERIFFS OFFICE,0
a0e985,LOUISIANA STATE POLICE,0
a0ec5b,CALIFORNIA HIGHWAY PATROL,0
a0f0f3,STATE OF NEW YORK  DIVISION OF STATE POLICE,1
a0f740,DEPARTMENT OF HOMELAND SECURITY,0
a0f9b2,DEPARTMENT OF HOMELAND SECURITY,0
a0f9d9,CALIFORNIA HIGHWAY PATROL,0
a0fabe,STATE OF MICHIGAN  DEPARTMENT OF STATE POLICE,0
a1016b,MEMPHIS POLICE DEPARTMENT  AVIATION UNIT,0
a103ac,CUSTOMS AND BORDER PROTECTION,0
a10aec,STATE OF MONTANA  DEPT OF JUSTICE  MONTANA HIGHW,0
a10bb2,ALACHUA COUNTY SHERIFFS OFFICE,0
a10be1,DEPARTMENT OF HOMELAND SECURITY,0
a10c6c,CALIFORNIA HIGHWAY PATROL,0
a10cf8,PUERTO RICO POLICE DEPT,0
a11466,SALT RIVER POLICE DEPARTMENT,0
a11791,STATE OF OHIO DEPT OF PUBLIC SAFETY  OHIO STATE,0
a11872,NEW YORK STATE POLICE  AVIATION UNIT,1
a11b2f,HENNEPIN COUNTY SHERIFFS OFFICE,0
a11de3,MONTGOMERY COUNTY SHERIFFS OFFICE,0
a11e2d,SUFFOLK COUNTY POLICE DEPT,0
a11e82,STATE OF IOWA - IOWA STATE PATROL,0
a120a0,US DEPARTMENT OF HOMELAND SECURITY  US CUSTOMS &,0
a12152,JEFFERSON COUNTY SHERIFFS OFFICE,0
a121a0,JEFFERSON COUNTY SHERIFFS OFFICE,0
a1222f,SACRAMENTO COUNTY SHERIFF DEPARTMENT,0
a1228a,JEFFERSON COUNTY SHERIFFS OFFICE,0
a122f2,JEFFERSON COUNTY SHERIFFS OFFICE,0
a123f3,TEXAS DEPARTMENT OF PUBLIC SAFETY,0
a1246b,DEPT OF HOMELAND SECURITY,0
a1250f,CALIFORNIA HIGHWAY PATROL,0
a127e1,OREGON STATE POLICE,0
a1299c,SEMINOLE COUNTY SHERIFFS OFFICE,0
a129a7,NEW YORK STATE POLICE,1
a129ab,MICHIGAN STATE POLICE  AVIATION UNIT,0
a12b3e,NEBRASKA STATE PATROL,0
a12c41,SEMINOLE COUNTY SHERIFFS OFFICE,0
a12c7d,CALIFORNIA HIGHWAY PATROL,0
a12c8b,SACRAMENTO COUNTY SHERIFFS OFFICE,0
a12d53,SEMINOLE COUNTY SHERIFFS OFFICE,0
a12d54,SACRAMENTO COUNTY SHERIFF DEPARTMENT,0
a1310a,SEMINOLE COUNTY SHERIFFS OFFICE,1
a13115,WEST VIRGINIA STATE POLICE,0
a13477,PUERTO RICO POLICE DEPT,0
a134cc,DIVISION OF PUBLIC SAFETY/W VIRGINIA STATE POLIC,0
a1382e,SALT RIVER POLICE DEPARTMENT,0
a13883,DIVISION OF PUBLIC SAFETY/W VIRGINIA STATE POLIC,0
a13be5,SALT RIVER POLICE DEPARTMENT,0
a13ed3,FLORENCE COUNTY SHERIFF DEPARTMENT,0
a13f10,STATE OF OHIO  DEPARTMENT OF PUBLIC SAFETY  OHIO,0
a13f88,TENNESSEE DEPT OF SAFTEY & HOMELAND SECURITY,0
a13ff1,STATE OF NEW YORK  DIVISION OF STATE POLICE,1
a1420a,DEPARTMENT OF HOMELAND SECURITY,0
a1423f,ST CLAIR COUNTY SHERIFFS DEPT,0
a1441c,GWINNETT COUNTY POLICE DEPT,0
a145f7,ORANGE COUNTY SHERIFFS DEPARTMENT,0
a14962,PICKENS COUNTY SHERIFFS OFFICE,0
a14b70,JACKSON COUNTY SHERIFFS OFFICE,0
a14bd6,U S DEPT OF HOMELAND SECURITY  CUSTOMS & BORDER,1
a14d65,ORANGE COUNTY SHERIFF'S DEPARTMENT  C/O CORONER,0
a14dc8,WASHINGTON COUNTY SHERIFF'S OFFIICE,0
a150ff,DEPARTMENT OF HOMELAND SECURITY,0
a154d3,ORANGE COUNTY SHERIFF'S DEPARTMENT,0
a155ac,SANTA BARBARA COUNTY SHERIFFS DEPT,0
a155bb,PLACER COUNTY SHERIFFS DEPARTMENT,0
a155c1,PLACER COUNTY SHERIFF,0
a156fb,US DEPARTMENT OF HOMELAND SECURITY  US CUSTOMS &,0
a157b3,CALIFORNIA HIGHWAY PATROL,0
a1588a,ORANGE COUNTY SHERIFFS DEPT,0
a15a0e,PIMA COUNTY BOARD OF SUPERVISORS  SHERIFFS DEPT,0
a15ab2,US DEPARTMENT OF HOMELAND SECURITY  US CUSTOMS &,0
a15bf6,SALT RIVER POLICE DEPARTMENT,0
a15c88,DEPARTMENT OF HOMELAND SECURITY,0
a15d4b,PUTNAM COUNTY SHERIFF'S OFICE,1
a15f21,CALIFORNIA HIGHWAY PATROL,0
a1611a,CONSTABLE WILLIAM H,0
a162e6,TULARE COUNTY SHERIFF,0
a1668f,STATE OF OHIO DEPT OF PUBLIC SAFETY  OHIO STATE,0
a16770,NEW YORK STATE POLICE,1
a168e8,OKLA DEPT OF PUBLIC SAFETY OKLA HWY PATROL,0
a16aed,DALE COUNTY SHERIFFS OFFICE,0
a16c52,NORTH CAROLINA DEPARTMENT OF PUBLIC SAFETY/EMG M,0
a16d1e,MARYLAND NATURAL RESOURCES POLICE,0
a16da1,TEXAS DEPT OF PUBLIC SAFETY,1
a16e5d,WASHOE COUNTY SHERIFFS OFFICE,0
a16f99,DEPARTMENT OF HOMELAND SECURITY  CUSTOMS AND BOR,0
a17009,NORTH CAROLINA DEPARTMENT OF PUBLIC SAFETY/EMG M,0
a17016,DEPARTMENT OF HOMELAND SECURITY,0
a17056,CALIFORNIA HIGHWAY PATROL,0
a17385,CANADIAN COUNTY SHERIFFS OFFICE,0
a173c0,NORTH CAROLINA DEPARTMENT OF PUBLIC SAFETY/EMG M,0
a17499,SALT RIVER POLICE DEPARTMENT,0
a174ee,INDIANA STATE POLICE,1
a17777,NORTH CAROLINA DEPARTMENT OF PUBLIC SAFETY/EMG M,0
a17850,SALT RIVER POLICE DEPARTMENT,0
a17e66,WASHINGTON STATE PATROL AVIATION,0
a17e78,AK-CHIN POLICE DEPARTMENT,0
a17e8e,DEPARTMENT OF HOMELAND SECURITY,0
a180e6,CORONA POLICE AERO SQUADRON INC,0
a18164,DEPARTMENT OF HOMELAND SECURITY,0
a182ab,CITY OF PHOENIX POLICE DEPT,0
a18375,CITY OF COLORADO SPRINGS POLICE DEPARTMENT,0
a18580,DEPARTMENT OF HOMELAND SECURITY,0
a18618,COFFEE COUNTY SHERIFFS OFFICE,0
a186a0,CALIFORNIA HIGHWAY PATROL,0
a189cf,COFFEE COUNTY SHERIFF OFFICE,0
a18e86,NEW JERSEY STATE POLICE  HELICOPTER BUREAU,0
a18ee5,PINELLAS COUNTY SHERIFF'S OFFICE,0
a19148,NEW YORK STATE POLICE  AVIATION UNIT,1
a192c0,OKLAHOMA DEPARTMENT OF PUBLIC SAFETY,1
a19346,NEW YORK STATE POLICE  AVIATION UNIT,1
a19758,COLORADO STATE PATROL,0
a19a2e,CALIFORNIA HIGHWAY PATROL,0
a19aba,NEW YORK CITY POLICE AVN UNIT HGNR 4,0
a19af4,MADISONVILLE POLICE DEPARTMENT,0
a19b0f,COLORADO STATE PATROL,0
a19b20,TWIN FALLS COUNTY SHERIFFS OFFICE,0
a19de5,DEPARTMENT OF CALIFORNIA HIGHWAY PATROL,0
a19e49,CITY OF MESA POLICE DEPT  AVIATION DEPT,0
a19e7e,ALABAMA DEPT OF PUBLIC SAFETY,0
a19ec6,COLORADO STATE PATROL,0
a19f67,DEPARTMENT OF HOMELAND SECURITY,0
a1a200,CITY OF MESA POLICE DEPT/AVIATION DEPT,0
a1a27d,COLORADO STATE PATROL,0
a1a528,PASCO SHERIFFS OFFICE,1
a1a595,COLLIER COUNTY SHERIFFS OFFICE,0
a1a5df,NEW YORK CITY POLICE AVN UNIT HGNR 4,0
a1a62a,VENTURA COUNTY SHERIFFS DEPARTMENT,0
a1a674,VENTURA COUNTY SHERIFFS DEPARTMENT,0
a1a88f,METRO-DADE POLICE DEPT/AVIATION UNIT,0
a1a91a,METRO-DADE POLICE DEPT/AVIATION UNIT,0
a1a95c,STANISLAUS COUNTY SHERIFFS DEPARTMENT,0
a1aa2b,VENTURA COUNTY SHERIFF'S DEPT,0
a1acb5,STATE OF WASHINGTON  WASHINGTON STATE PATROL,0
a1ae80,BENTON COUNTY SHERIFFS OFFICE,0
a1af93,STATE OF ALASKA  DEPARTMENT OF PUBLIC SAFETY A/C,1
a1b0ba,COLLIER COUNTY SHERIFFS OFFICE,0
a1b4bb,MODESTO POLICE DEPARTMENT,0
a1b5fd,CITY OF EL PASO POLICE DEPARTMENT,0
a1bb5e,COMMONWEALTH OF VIRGINIA  DEPARTMENT OF STATE PO,0
a1bcfb,DEPARMENT OF HOMELAND SECURITY,0
a1bed4,POLK COUNTY SHERIFFS OFFICE,0
a1c0aa,SOUTH DAKOTA HIGHWAY PATROL,1
a1c178,OSCEOLA COUNTY SHERIFFS OFFICE,1
a1c246,ALABAMA DEPT OF PUBLIC SAFETY,0
a1c5a4,LAKE COUNTY SHERIFFS OFFICE,0
a1c5c0,LOS ANGELES POLICE DEPARTMENT AIR SUPPORT DIVISI,0
a1c95b,LAKE COUNTY SHERIFFS OFFICE,0
a1cbc9,AUSTIN POLICE DEPT,0
a1cd12,LAKE COUNTY SHERIFFS OFFICE,0
a1cda8,SPOKANE COUNTY SHERIFFS OFFICE,0
a1cdd4,TEXAS DEPT OF PUBLIC SAFETY,0
a1cdf3,VENTURA COUNTY SHERIFFS DEPARTMENT,0
a1d296,PORTLAND POLICE BUREAU,1
a1d75b,OSCEOLA COUNTY SHERIFFS OFFICE,1
a1d7b9,FORT BEND COUNTY SHERIFFS OFFICE,0
a1d898,DEPARTMENT OF HOMELAND SECURITY,0
a1d9c2,STATE OF OREGON  DEPARTMENT OF STATE POLICE,0
a1da3b,LOS ANGELES POLICE DEPT AIR SUPPORT DIVISION,0
a1db12,OSCEOLA COUNTY SHERIFFS OFFICE,1
a1dbec,LOS ANGELES POLICE DEPARTMENT,0
a1dc12,CITY OF MESA POLICE DEPT/AVIATION DEPT,0
a1dcb0,TEXAS DEPARTMENT OF PUBLIC SAFETY,0
a1e24a,CITY OF OAKLAND  POLICE DEPARTMENT  HELICOPTER U,0
a1e29f,KENTUCKY STATE POLICE,0
a1ecaf,TEXAS DEPARTMENT OF PUBLIC SAFETY,0
a1ece3,DEPARTMENT OF CALIFORNIA HIGHWAY PATROL,0
a1ef70,DEPARTMENT OF HOMELAND SECURITY  US CUSTOMS & BO,0
a1ef84,OREGON STATE POLICE,0
a1f0c0,PASADENA POLICE DEPARTMENT,0
a1f17b,NEW YORK STATE POLICE AVIATION UNIT,1
a1f3bd,EAST BATON ROUGE SHERIFF,0
a1f4b5,CITY OF MESA POLICE DEPT/PUBLIC INFORMATION OFFI,0
a1f4dd,BATON ROUGE POLICE DEPARTMENT,0
a1f77f,U S BORDER PATROL,0
a1f894,ANAHEIM POLICE DEPT,0
a1f8fb,TOM GREEN COUNTY SHERIFF'S OFFICE,0
a1f908,DEPARTMENT OF HOMELAND SECURITY,0
a1fc32,HILLSBOROUGH COUNTY SHERIFF,0
a1fca0,IOWA STATE PATROL,0
a1fcc1,TEXAS DEPARTMENT OF PUBLIC SAFETY,0
a1fd9e,DEPARTMENT OF HOMELAND SECURITY,0
a20129,TOWN OF WEST SENECA POLICE DEPT,0
a2036f,COLLIER COUNTY SHERIFFS OFFICE,0
a20403,ST CHARLES PARISH SHERIFFS OFFICE,0
a205fb,DEPARTMENT OF HOMELAND SECURITY,0
a208d5,GEORGIA DEPARTMENT OF PUBLIC SAFETY,0
a20981,DEPARTMENT OF HOMELAND SECURITY,0
a2099b,LIVINGSTON PARISH SHERIFF'S OFFICE,1
a20b14,DEPARTMENT OF HOMELAND SECURITY,0
a20dd5,IOWA STATE PATROL,0
a21095,GREENVILLE COUNTY SHERIFFS OFFICE,0
a2144c,GREENVILLE COUNTY SHERIFFS OFFICE,0
a2147b,WASHOE COUNTY SHERIFF DEPT,0
a2153f,DEPARTMENT OF HOMELAND SECURITY  US CUSTOMS & BO,0
a2165c,DEPARTMENT OF HOMELAND SECURITY,0
a2165d,DEPARTMENT OF HOMELAND SECURITY,0
a217dc,FAULKNER COUNTY SHERIFFS DEPARTMENT/,0
a21819,DEPT OF CALIFORNIA HIGHWAY PATROL,0
a21a16,DEPARTMENT OF HOMELAND SECURITY  US CUSTOMS & BO,0
a21aa4,DEPARTMENT OF HOMELAND SECURITY,0
a21b1b,ERIE COUNTY SHERIFFS OFFICE,0
a21bba,GREENVILLE COUNTY SHERIFFS OFFICE,0
a21f4a,FAULKNER COUNTY SHERIFFS DEPARTMENT/,0
a21fc5,LOS ANGLELES POLICE DEPT,0
a2237c,LOS ANGLELES POLICE DEPT,0
a22569,HOUSTON POLICE AIR SUPPORT DIVISION,0
a2256b,TEXAS DEPARTMENT OF PUBLIC SAFETY,0
a2266c,U S BORDER PATROL,0
a22733,LOS ANGLELES POLICE DEPT,0
a22904,NEBRASKA STATE PATROL,0
a22a23,U S BORDER PATROL,0
a22b10,MESA POLICE DEPT  AVIATION DEPT,0
a22b45,PASADENA POLICE DEPARTMENT  AIR OPERATIONS SECTI,0
a22e63,YOLO COUNTY/YOLO COUNTY SHERIFFS OFFICE,0
a23148,CITY OF OMAHA  OMAHA POLICE DEPARTMENT,0
a23268,STATE OF ALASKA  DEPARTMENT OF PUBLIC SAFETY,1
a2334f,COLLIER COUNTY SHERIFFS OFFICE,0
a2376d,DEPARTMENT OF HOMELAND SECURITY  CUSTOMS AND BOR,0
a23c21,LIMESTONE COUNTY SHERIFF DEPARTMENT,0
a23c45,MESA POLICE DEPARTMENT,0
a23ce3,TEXAS DEPARTMENT OF PUBLIC SAFETY  AIRCRAFT SECT,0
a23fd8,LIMESTONE COUNTY SHERIFF DEPT,0
a2421b,WASHINGTON STATE PATROL,0
a24344,HILLSBOROUGH COUNTY SHERIFFS OFFICE,0
a24597,DEPARTMENT OF HOMELAND SECURITY  US CUSTOMS & BO,0
a2467e,ALASKA DEPARTMENT OF PUBLIC SAFETY,1
a2474a,DEPARTMENT OF HOMELAND SECURITY,0
a24947,DEPARTMENT OF HOMELAND SECURITY,0
a24a7f,FORT BEND COUNTY SHERIFFS DEPARTMENT,0
a24abd,CALIFORNIA HIGHWAY PATROL,0
a24b01,DEPARTMENT OF HOMELAND SECURITY,0
a255e2,FLORIDA HIGHWAY PATROL,0
a257be,CULLMAN POLICE DEPARTMENT,0
a25bfd,DEPARTMENT OF HOMELAND SECURITY,0
a263a4,DEPARTMENT OF HOMELAND SECURITY,0
a265c3,DEPARTMENT OF HOMELAND SECURITY,0
a2668e,U S BORDER PATROL,0
a2675b,DEPARTMENT OF HOMELAND SECURITY,0
a26a38,VICTORIA COUNTY SHERIFF,0
a26ba5,SACRAMENTO COUNTY SHERIFFS OFFICE,0
a2719b,BROWARD COUNTY SHERIFFS OFFICE,0
a27635,COLLIER COUNTY SHERIFFS OFFICE,0
a276b0,MARTIN COUNTY SHERIFFS OFFICE,0
a2791b,PINAL COUNTY SHERIFFS OFFICE,0
a2796c,FORT BEND COUNTY SHERIFFS OFFICE,0
a27e80,VIRGINIA STATE POLICE,0
a27ffc,DALE COUNTY SHERIFF OFFICE,0
a28012,CITY OF MYRTLE BEACH POLICE DEPARTMENT,0
a283b3,DALE COUNTY SHERIFFS OFFICE,0
a283e0,DEPARTMENT OF HOMELAND SECURITY,0
a28676,DALE COUNTY SHERIFFS OFFICE,0
a2876a,DALE CO SHERIFFS DEPT,0
a287ff,CULLMAN POLICE DEPARTMENT,0
a2898d,BRISTOL VA POLICE DEPT,0
a28a56,U S BORDER PATROL,0
a28adf,CALIFORNIA HIGHWAY PATROL,0
a28b21,DALE COUNTY SHERIFF'S OFFICE  DALE COUNTY ALABAM,0
a28b9c,RICHLAND COUNTY SHERIFFS DEPARTMENT  OPERATIONS,0
a28bb6,DALE COUNTY SHERIFF OFFICE,0
a28ed8,DALE COUNTY SHERIFFS OFFICE,0
a28f6c,ST CLAIR COUNTY SHERIFFS DEPARTMENT,0
a291ac,BROWARD COUNTY SHERIFFS OFFICE,0
a2928f,DALE COUNTY SHERIFFS OFFICE,0
a292ea,SAN BERNARDINO COUNTY SHERIFF'S DEPARTMENT,0
a29324,DALE COUNTY SHERIFF OFFICE,0
a2945a,CALCASIEU PARISH POLICE JURY,0
a29500,DEPARTMENT OF HOMELAND SECURITY,0
a2957b,U S BORDER PATROL,0
a296db,SACRAMENTO COUNTY SHERIFFS DEPARTMENT,0
a298fe,DEPARTMENT OF HOMELAND SECURITY  CUSTOMS AND BOR,0
a299bb,FLORIDA HIGHWAY PATROL,0
a29cd1,BROWARD COUNTY SHERIFFS OFFICE,0
a29ce9,U S BORDER PATROL,0
a29d03,DALE COUNTY SHERIFFS OFFICE,0
a29d72,FLORIDA HIGHWAY PATROL,0
a29e49,DALE COUNTY SHERIFF OFFICE,0
a2a17a,LAS VEGAS METROPOLITAN POLICE DEPARTMENT,0
a2a20a,DEPARTMENT OF PUBLIC SAFETY  OFFICE OF STATE POL,1
a2a40e,NEW CASTLE COUNTY POLICE DEPARTMENT,0
a2a739,OKLA DEPT OF PUBLIC SAFETY OKLA HWY PATROL,0
a2a791,CITY OF MYRTLE BEACH POLICE DEPARTMENT,0
a2aa67,U S BORDER PATROL,0
a2aacc,GALLIA COUNTY SHERIFF'S OFFICE,0
a2b19d,DEPARTMENT OF HOMELAND SECURITY,0
a2b331,STATE OF ALASKA DEPARTMENT OF PUBLIC SAFETY,1
a2b58c,U S BORDER PATROL,0
a2b98c,STATE OF ALASKA DEPARTMENT OF PUBLIC SAFETY,1
a2c211,SACRAMENTO COUNTY SHERIFFS OFFICE,0
a2c381,DEPARTMENT OF HOMELAND SECURITY,0
a2c518,CULLMAN POLICE DEPT,0
a2c81f,U S BORDER PATROL,0
a2cd7e,VIRGINIA STATE POLICE,0
a2cef1,TENNESSEE DEPARTMENT OF SAFETY & HOMELAND SECURI,0
a2d1bf,NEW CASTLE COUNTY POLICE DEPT,0
a2d56c,AK-CHIN POLICE DEPARTMENT,0
a2d68a,PASCO COUNTY SHERIFFS OFFICE,1
a2d6fc,ST CHALRES PARISH SHERIFFS OFFICE,0
a2d707,KENTUCKY STATE POLICE,0
a2d91e,DEPARTMENT OF HOMELAND SECURITY,0
a2dabe,KENTUCKY STATE POLICE,0
a2dcda,ALACHUA COUNTY SHERIFFS OFFICE,0
a2dd7f,GRAND TRAVERSE COUNTY SHERIFFS OFFICE,0
a2ddf8,PASCO COUNTY SHERIFFS OFFICE,1
a2de75,KENTUCKY STATE POLICE,0
a2e0aa,BROWARD COUNTY SHERIFF'S OFFICE,0
a2e0c2,U S BORDER PATROL,0
a2e136,GRAND TRAVERSE COUNTY SHERIFFS OFFICE,0
a2e1af,MISSOURI STATE HIGHWAY PATROL,0
a2e22c,KENTUCKY STATE POLICE,0
a2e461,BROWARD COUNTY SHERIFF'S OFFICE,0
a2e479,U S BORDER PATROL,0
a2e4ed,GRAND TRAVERSE COUNTY SHERIFFS OFFICE,0
a2e522,CITRUS COUNTY SHERIFFS OFFICE,0
a2e8a4,GRAND TRAVERSE COUNTY SHERIFFS OFFICE,0
a2ec85,COUNTY OF SACRAMENTO  SACRAMENTO CO SHERIFF'S DE,0
a2ed47,WASHINGTON COUNTY SHERIFF DEPARTMENT,0
a2f08b,MISSOURI STATE HIGHWAY PATROL,0
a2f1e5,SARASOTA COUNTY SHERIFFS OFFICE,0
a2f592,STATE OF ARIZONA  ARIZONA DEPARTMENT OF PUBLIC S,0
a2f637,OKLA DEPT OF PUBLIC SAFETY OKLA HWY PATROL,0
a2f8c8,DEPARTMENT OF HOMELAND SECURITY,0
a2f949,STATE OF ARIZONA  ARIZONA DEPARTMENT OF PUBLIC S,0
a2f9ca,GWINNETT COUNTY POLICE DEPT,0
a2fd00,STATE OF ARIZONA  ARIZONA DEPARTMENT OF PUBLIC S,0
a300b7,STATE OF ARIZONA  ARIZONA DEPARTMENT OF PUBLIC S,0
a300d3,U S BORDER PATROL,0
a301a7,SOUTH KINGSTOWN POLICE DEPARTMENT,0
a30825,STATE OF ARIZONA  ARIZONA DEPARTMENT OF PUBLIC S,0
a30842,HENRY COUNTY SHERIFFS OFFICE,1
a308cd,BREVARD COUNTY SHERIFFS OFFICE,1
a30956,CLAYTON COUNTY POLICE DEPARTMENT,0
a30bdc,STATE OF ARIZONA  ARIZONA DEPARTMENT OF PUBLIC S,0
a30bf9,CLAYTON COUNTY POLICE DEPARTMENT,0
a30d0d,CITY OF PHILADELPHIA  C/O PHILADELPHIA POLICE AV,1
a30d54,DEPARTMENT OF HOMELAND SECURITY,0
a30f93,STATE OF ARIZONA  ARIZONA DEPARTMENT OF PUBLIC S,0
a31021,WALKER COUNTY SHERIFF DEPT,0
a310c4,CITY OF PHILADELPHIA  C/O PHILADELPHIA POLICE AV,1
a3134a,STATE OF ARIZONA  ARIZONA DEPARTMENT OF PUBLIC S,0
a31367,CLAYTON COUNTY POLICE DEPT,0
a31369,CITY OF EDINA MN POLICE DEPARTMENT,0
a313d8,WALKER COUNTY SHERIFF DEPT,0
a31701,STATE OF ARIZONA  ARIZONA DEPARTMENT OF PUBLIC S,0
a3171e,CLAYTON COUNTY POLICE DEPT,0
a31744,KINGS COUNTY SHERIFFS OFFICE,0
a3178f,WALKER COUNTY SHERIFF DEPT,0
a317cd,KINGS COUNTY SHERIFF'S OFFICE,0
a31832,CLAYTON COUNTY POLICE DEPARTMENT,0
a31887,NORTH DAKOTA HIGHWAY PATROL,1
a31a6a,DALE COUNTY SHERIFFS OFFICE,0
a31bd5,STATE OF NEW JERSEY  DEPARTMENT OF LAW AND PUBLI,0
a31be9,SUFFOLK COUNTY POLICE DEPT,0
a31e37,CITY OF ONTARIO  POLICE DEPARTMENT AIR SUPPORT U,1
a31ed5,COMMONWEALTH OF VIRGINIA  DEPARTMENT OF STATE PO,0
a3209a,PUTNAM COUNTY SHERIFF'S DEPARTMENT,0
a320ab,VILLAGE OF PLOVER POLICE DEPARTMENT,0
a3249d,HARRISON COUNTY SHERIFFS DEPARTMENT,0
a326c3,AK-CHIN POLICE DEPARTMENT,0
a32aab,U S BORDER PATROL,0
a32b34,NORTH CAROLINA STATE HIGHWAY PATROL,0
a32c0b,HARRIS COUNTY SHERIFF'S OFFICE,0
a32eeb,NC HIGHWAY PATROL,0
a32f4f,MIAMI-DADE SHERIFF'S OFFICE,0
a32f77,CITY OF TUCSON POLICE DEPARTMENT,0
a32fc2,HARRISON COUNTY SHERIFFS DEPARTMENT,1
a3323a,WASHINGTON STATE PATROL,0
a33306,MIAMI-DADE SHERIFF'S OFFICE,0
a3335f,WASHINGTON STATE PATROL  AVIATION SECTION,0
a33377,SAN BERNARDINO COUNTY SHERIFFS AVIATION DIVISION,0
a3364d,WAYNE COUNTY SHERIFFS OFFICE,0
a336bd,MIAMI-DADE SHERIFFS OFFICE,0
a336e5,CITY OF TUCSON POLICE DEPARTMENT,0
a3372e,SAN BERNARDIINO COUNTY SHERIFFS DEPT,0
a33a74,MIAMI-DADE SHERIFFS OFFICE,0
a33ae5,SAN BERNARDINO COUNTY SHERIFFS AVIATION DIVISION,0
a33dbb,ROBESON COUNTY SHERIFFS OFFICE,0
a33dc7,CALIFORNIA HIGHWAY PATROL,0
a33e07,LEON COUNTY SHERIFFS OFFICE,0
a33e2b,MIAMI-DADE SHERIFFS OFFICE,0
a33e9c,SAN BERNARDINO COUNTY SHERIFFS DEPT,0
a341e2,MIAMI-DADE SHERIFFS OFFICE,0
a34253,SAN BERNARDINO COUNTY SHERIFF DEPT,0
a344e5,DEPARTMENT OF HOMELAND SECURITY,0
a34a8b,AK-CHIN POLICE DEPARTMENT,0
a34b45,OHIO DEPARTMENT OF PUBLIC SAFETY  OHIO STATE HIG,0
a34bac,US MARSHALS SERVICE JUSTICE PRISONER &  ALIEN TR,0
a34c19,ALABAMA DEPT OF PUBLIC SAFETY,0
a34cb1,YELLOWSTONE COUNTY SHERIFF OFFICE,0
a34efc,NC HIGHWAY PATROL,0
a34fd3,HARRIS COUNTY SHERIFFS OFFICE,0
a34fe1,STATE OF MICHIGAN  DEPARTMENT OF STATE POLICE,0
a350c6,MONTPELIER POLICE,0
a3524f,SAN DIEGO COUNTY SHERIFF DEPT,0
a355c9,BRUNSWICK COUNTY SHERIFFS OFFICE,0
a3566a,CALIFORNIA HIGHWAY PATROL,0
a35e18,PASCO COUNTY SHERIFFS OFFICE,1
a36111,PASCO SHERIFFS OFFICE,0
a3618f,NORTH CAROLINA STATE HIGHWAY PATROL,0
a36546,NORTH CAROLINA HIGHWAY PATROL,0
a36811,FULTON COUNTY POLICE HEADQUARTERS,0
a368fd,NORTH CAROLINA HIGHWAY PATROL,0
a3693d,PASCO COUNTY SHERIFFS OFFICE,1
a36968,SAN DIEGO COUNTY SHERIFF DEPARTMENT,0
a369b9,PALM BEACH COUNTY SHERIFFS DEPARTMENT,0
a36f0d,NORTH CAROLINA HIGHWAY PATROL,0
a37285,WILMINGTON POLICE DEPARTMENT,0
a3767b,NORTH CAROLINA HIGHWAY PATROL,0
a37799,DEPARTMENT OF HOMELAND SECURITY,0
a378bb,VENTURA COUNTY SHERIFFS DEPARTMENT,0
a37a32,NORTH CAROLINA HIGHWAY PATROL,0
a37de9,NORTH CAROLINA HIGHWAY PATROL,0
a384ce,U S BORDER PATROL,0
a384d7,STATE OF ALASKA  DEPARTMENT OF PUBLIC SAFETY,1
a38744,U S DEPARTMENT OF HOMELAND SECURITY  U S CUSTOMS,0
a389a2,SAN ANTONIO POLICE DEPARTMENT,0
a38c0b,AK-CHIN POLICE DEPARTMENT,0
a38ff3,U S BORDER PATROL,0
a3917e,TEXAS DEPARTMENT OF PUBLIC SAFETY,0
a39552,COMMONWEALTH OF VIRGINIA  DEPARTMENT OF STATE PO,0
a3961d,COWETA COUNTY SHERIFF'S OFFICE,0
a39718,CITY OF OAKLAND  POLICE DEPARTMENT HELICOPTER UN,0
a39cc5,POLK COUNTY SHERIFF OFFICE,0
a39f1b,VENTURA COUNTY SHERIFFS DEPARTMENT,0
a39f96,DEPARTMENT OF HOMELAND SECURITY,0
a3a255,DELAWARE STATE POLICE,0
a3a3f5,DEPARTMENT OF HOMELAND SECURITY,0
a3a9f4,PARK COUNTY SHERIFFS OFFICE,0
a3ac1c,AK-CHIN POLICE DEPARTMENT,0
a3af7f,DEPARTMENT OF HOMELAND SECURITY,0
a3b51b,ERIE COUNTY SHERIFFS OFFICE,0
a3b741,AK-CHIN POLICE DEPARTMENT,0
a3b772,U S BORDER PATROL,0
a3b8d2,ERIE COUNTY SHERIFFS OFFICE,0
a3bcd1,COMMONWEALTH OF VIRGINIA  DEPARTMENT OF STATE PO,0
a3be97,CITY OF OMAHA  OMAHA POLICE DEPARTMENT,0
a3c1c2,CALIFORNIA HIGHWAY PATROL,0
a3c633,DEPARTMENT OF HOMELAND SECURITY,0
a3c6e5,YELLOWSTONE COUNTY SHERIFFS OFFFICE,0
a3d12a,CITY OF BETHLEHEM POLICE DEPT,0
a3def1,U S BORDER PATROL,0
a3e372,MISSISSIPPI COUNTY SHERIFFS DEPARTMENT,0
a3e4d0,ALACHUA COUNTY SHERIFF,0
a3e54c,PHOENIX POLICE,0
a3e5ee,CITY OF MEMPHIS POLICE DEPARTMENT,0
a3e5f1,MISSISSIPPI DEPARTMENT OF PUBLIC SAFETY,0
a3e758,STANISLAUS COUNTY SHERIFFS DEPARTMENT,0
a3e89c,ARIZONA DEPARTMENT OF PUBLIC SAFETY,0
a3e9a8,MISSISSIPPI DEPARTMENT OF PUBLIC SAFETY,0
a3ec6f,U S BORDER PATROL,0
a3ed84,SUFFOLK COUNTY POLICE DEPARTMENT,0
a3f29a,WASHINGTON STATE PATROL  AVIATION SECTION,0
a3f372,US DEPARTMENT OF HOMELAND SECURITY  US CUSTOMS &,0
a3f4f2,SUFFOLK COUNTY POLICE DEPARTMENT,0
a3f547,LOUISIANA STATE POLICE,1
a3f66c,US DEPARTMENT OF HOMELAND SECURITY  US CUSTOMS &,0
a3f68b,KERN COUNTY SHERIFFS DEPARTMENT,0
a3f7bc,DESOTO PARISH SHERIFF OFFICE,0
a3f8fe,LOUISIANA STATE POLICE,1
a3fa65,DEPARTMENT OF HOMELAND SECURITY,0
a3fa88,DEPARTMENT OF HOMELAND SECURITY,0
a3fb1a,AK-CHIN POLICE DEPARTMENT,0
a3fc14,LAKE COUNTY INDIANA  C/O LAKE COUNTY SHERIFF'S D,1
a3fcb5,LOUISIANA DEPARTMENT OF PUBLIC SAFETY,1
a4006c,LOUISIANA DEPARTMENT OF PUBLIC SAFETY  STATE POL,1
a40384,COLLIER COUNTY SHERIFFS OFFICE,0
a403fe,PALM BEACH COUNTY SHERIFFS OFFICE,0
a406bb,PHOENIX POLICE DEPARTMENT  AIR SUPPORT UNIT,0
a40b91,KENTUCKY STATE POLICE,0
a40bcf,COMMONWEALTH OF VIRGINIA  DEPT OF STATE POLICE,0
a41146,STATE OF NEW YORK  DIVISION OF STATE POLICE,0
a411c2,TEXAS DEPARTMENT OF PUBLIC SAFETY,0
a414fd,STATE OF NEW YORK DIVISION OF STATE POLICE,0
a417a5,U S BORDER PATROL,0
a41e9b,CITY OF COVINGTON  COVINGTON POLICE DEPARTMENT,0
a423ca,STATE OF NEW HAMPSHIRE DEPT OF SAFETY  DIVISION,0
a42434,NEW HAMPSHIRE STATE POLICE,0
a427c6,PALM BEACH COUNTY SHERIFFS OFFICE,0
a42eba,CITY OF OXFORD ALABAMA POLICE DEPARTMENT,0
a43488,OKLAHOMA DEPARTMENT OF PUBLIC SAFETY,1
a4356b,DEPARTMENT OF HOMELAND SECURITY,0
a437d9,CITY OF BAKERSFIELD CALIFORNIA  POLICE DEPT,1
a43834,HENRY COUNTY SHERIFF'S OFFICE,0
a43dab,U S DEPARTMENT OF HOMELAND SECURITY  U S CUSTOMS,0
a43f25,CANADIAN COUNTY SHERIFFS OFFICE,0
a43fa2,HENRY COUNTY SHERIFFS OFFICE,0
a44021,NEBRASKA STATE PATROL,0
a442dc,CANADIAN COUNTY SHERIFFS OFFICE,0
a44359,HENRY COUNTY SHERIFF'S OFFICE,0
a44466,TEXAS DEPT. OF PUBLIC SAFETY,0
a44710,HENRY COUNTY SHERIFF'S OFFICE,0
a449d6,HENRY COUNTY SHERIFF'S OFFICE,0
a45c07,OKLAHOMA DEPARTMENT OF PUBLIC SAFETY,0
a45c61,MARYLAND STATE POLICE AVIATION COMMAND,0
a46018,MARYLAND STATE POLICE AVIATION COMMAND,0
a46095,PINAL COUNTY SHERIFF'S OFFICE,0
a4612a,YELLOWSTONE COUNTY SHERIFF OFFICE,0
a46140,DEPARTMENT OF HOMELAND SECURITY,1
a462bb,AK-CHIN POLICE DEPARTMENT,0
a463cf,MARYLAND STATE POLICE AVIATION COMMAND,0
a4644c,PINAL COUNTY SHERIFF'S OFFICE,0
a46786,MARYLAND STATE POLICE AVIATION COMMAND,0
a46803,PINAL COUNTY SHERIFF'S OFFICE,0
a46811,STATE OF MICHIGAN DEPARTMENT OF STATE POLICE  DE,0
a46b3d,MARYLAND STATE POLICE AVIATION COMMAND,0
a46ef4,MARYLAND STATE POLICE AVIATION COMMAND,0
a472ab,MARYLAND STATE POLICE AVIATION COMMAND,0
a47662,MARYLAND STATE POLICE AVIATION COMMAND,0
a47a19,MARYLAND STATE POLICE AVIATION COMMAND,0
a47a95,ST CHARLES PARISH SHERIFFS OFFICE,0
a47dd0,MARYLAND STATE POLICE AVIATION COMMAND,0
a47e4c,ST CHARLES PARISH SHERIFFS OFFICE,0
a482e1,SALT RIVER POLICE DEPARTMENT,0
a4833b,ARKANSAS STATE POLICE,0
a483e0,MARYLAND STATE POLICE AVIATION COMMAND,0
a48467,STATE OF ARKANSAS  ARKANSAS STATE POLICE,0
a48797,MARYLAND STATE POLICE AVIATION COMMAND,0
a4906a,DEPARTMENT OF HOMELAND SECURITY  CUSTOMS AND BOR,0
a490b0,DEPARTMENT OF HOMELAND SECURITY  CUSTOMS & BORDE,0
a490d3,DEPARTMENT OF HOMELAND SECURITY  CUSTOMS AND BOR,1
a490f6,DEPARTMENT OF HOMELAND SECURITY  CUSTOMS AND BOR,1
a4913c,DEPARTMENT OF HOMELAND SECURITY  CUSTOMS AND BOR,0
a4915f,DEPARTMENT OF HOMELAND SECURITY  CUSTOMS AND BOR,0
a49182,DEPT OF HOMELAND SECURITY CUSTOMS & BORDER  PROT,0
a4933d,SALINA COUNTY SHERIFFS DEPT,0
a493fe,DEPARTMENT OF HOMELAND SECURITY  CUSTOMS AND BOR,0
a4948a,DEPARTMENT OF HOMELAND SECURITY  CUSTOMS AND BOR,0
a494d0,DEPARTMENT OF HOMELAND SECURITY  CUSTOMS AND BOR,0
a494f3,DEPARTMENT OF HOMELAND SECURITY  CUSTOMS & BORDE,0
a49539,DEPARTMENT OF HOMELAND SECURITY  CUSTOMS AND BOR,0
a497d8,US DEPARTMENT OF HOMELAND SECURITY  US CUSTOMS &,0
a4981e,US DEPARTMENT OF HOMELAND SECURITY  US CUSTOMS &,0
a49b6c,DEPARTMENT OF HOMELAND SECURITY,0
a49f5c,LIMESTONE COUNTY SHERIFF DEPT,0
a49f69,US DEPARTMENT OF HOMELAND SECURITY  US CUSTOMS &,0
a49f6f,COUNTY OF MERCED SHERIFF'S DEPT,0
a4a2da,US DEPARTMENT OF HOMELAND SECURITY  US CUSTOMS &,0
a4a343,US DEPARTMENT OF HOMELAND SECURITY  US CUSTOMS &,0
a4a691,US DEPARTMENT OF HOMELAND SECURITY  US CUSTOMS &,0
a4a924,STATE OF NEW JERSEY  NEW JERSEY STATE POLICE AVI,0
a4abda,SAN BERNADINO COUNTY SHERIFFS OFFICE,0
a4ac24,COMMONWEALTH OF VIRGINA DEPT OF STATE POLICE,0
a4b107,ST JOHNS COUNTY SHERIFF OFFICE,1
a4b179,MIAMI-DADE SHERIFFS OFFICE,0
a4b187,NORTH CAROLINA STATE HIGHWAY PATROL,0
a4b1f6,CONNECTICUT STATE POLICE  AVIATION SECTION,1
a4b4da,JEFFERSON COUNTY SHERIFFS OFFICE,0
a4b53e,NORTH CAROLINA STATE HIGHWAY PATROL,0
a4b558,CITY OF OMAHA  OMAHA POLICE DEPARTMENT,0
a4b5ad,CONNECTICUT STATE POLICE  AVIATION SECTION,0
a4b8e7,MIAMI-DADE POLICE DEPT,0
a4b8f5,NORTH CAROLINA STATE HIGHWAY PATROL,0
a4b960,UNITED STATES CUSTOMS AND BORDER PROTECTION  NAT,0
a4bae2,DEPARTMENT OF HOMELAND SECURITY  US CUSTOMS AND,0
a4bcac,NORTH CAROLINA STATE HIGHWAY PATROL,0
a4bef8,U S DEPT OF HOMELAND SECURITY  U S CUSTOMS & BOR,0
a4c063,NORTH CAROLINA STATE HIGHWAY PATROL,0
a4c07b,PALM BEACH COUNTY SHERIFFS OFFICE,0
a4c0f3,TEXAS DEPARTMENT OF PUBLIC SAFETY,0
a4c246,U S DEPT OF HOMELAND SECURITY  U S CUSTOMS & BOR,0
a4c32b,CALCASIEU PARISH POLICE JURY  MOSQUITO CONTROL,0
a4c41a,NORTH CAROLINA STATE HIGHWAY PATROL,0
a4c434,CHARLOTTE-MECKLENBURG POLICE DEPT,1
a4c670,U S DEPT OF HOMELAND SECURITY  U S CUSTOMS & BOR,0
a4c6d7,COUNTY OF CONTRA COSTA  OFFICE OF THE SHERIFF,1
a4c6f0,SAN JOSE POLICE DEPARTMENT,0
a4c6f1,JEFFERSON COUNTY SHERIFFS OFFICE,0
a4c72a,SARASOTA COUNTY SHERIFFS OFFICE,0
a4c76e,ORANGE COUNTY SHERIFF,0
a4c785,ORANGE COUNTY SHERIFFS OFFICE,0
a4c794,KING COUNTY SHERIFFS OFFICE,0
a4c7a8,ORANGE COUNTY SHERIFFS OFFICE,0
a4c7d1,NC HIGHWAY PATROL,0
a4c7d9,ORANGE COUNTY SHERIFF'S OFFICE,0
a4c7e0,ALACHUA COUNTY SHERIFF,0
a4c7e5,NEW YORK CITY POLICE AVIATION UNIT,0
a4c7f5,JEFFERSON COUNTY SHERIFFS OFFICE,0
a4c81b,ALACHUA COUNTY SHERIFF,0
a4c834,SANTA BARBARA SHERIFFS DEPT,0
a4c840,DELAWARE STATE POLICE,0
a4c843,STATE OF INDIANA  INDIANA STATE POLICE,1
a4c877,JEFFERSON COUNTY SHERIFFS OFFICE,0
a4cb16,CALIFORNIA HIGHWAY PATROL,0
a4cb7a,MIAMI-DADE SHERIFF'S OFFICE,0
a4cb88,NORTH CAROLINA STATE HIGHWAY PATROL,0
a4cbed,COUNTY OF SANTA CLARA  OFFICE OF THE SHERIFF  AI,0
a4cf31,MIAMI-DADE SHERIFF'S OFFICE,0
a4cf3f,NORTH CAROLINA STATE HIGHWAY PATROL,0
a4d240,MEMPHIS POLICE DEPARTMENT,0
a4d452,DEPARTMENT OF HOMELAND SECURITY,0
a4d4d2,HENNEPIN COUNTY SHERIFFS OFFICE,0
a4d54f,NORTH CAROLINA STATE HIGHWAY PATROL,0
a4d98e,CITY OF TAMPA POLICE DEPARTMENT,1
a4db92,GEORGIA DEPT OF PUBLIC SAFETY,0
a4dc0f,VENTURA COUNTY SHERIFFS DEPARTMENT,0
a4dc24,DEPARTMENT OF HOMELAND SECURITY,0
a4dd4d,BERNAILILLO COUNTY SHERIFFS OFFICE,0
a4dd6c,COUNTY OF VENTURA SHERIFFS OFFICE,0
a4e019,HILLSBOROUGH COUNTY SHERIFFS OFFICE,0
a4e940,STATE OF ALASKA  DEPARTMENT OF PUBLIC SAFETY,1
a4eb1c,HENNEPIN COUNTY SHERIFFS OFFICE,0
a4f149,KEARNEY POLICE DEPARTMENT,0
a4f5e8,DUNWOODY POLICE DEPARTMENT,0
a4f670,DEPARTMENT OF HOMELAND SECURITY,0
a4f7ef,MONTPELIER POLICE,0
a4f8af,MONTPELIER POLICE DEPARTMENT,0
a4fe7c,STATE OF ALASKA  DEPARTMENT OF PUBLIC SAFETY,1
a4ff6f,DEPARTMENT OF HOMELAND SECURITY,0
a500f4,KENTUCKY STATE POLICE,0
a50351,KING COUNTY SHERIFFS OFFICE,0
a5085e,UNITED STATES CUSTOMS AND BORDER PROTECTION  OFF,0
a50e9f,CITY OF PORTLAND  PORTLAND POLICE BUREAU,0
a50efd,JACKSON COUNTY SHERIFFS OFFICE,0
a50f7b,JACKSON POLICE DEPARTMENT,1
a515ac,STATE OF OREGON  OREGON STATE POLICE,0
a5173e,STATE OF NEW YORK  DIVISION OF STATE POLICE,0
a51e51,NEW YORK CITY POLICE AVIATION UNIT,0
a51e57,NEW YORK CITY POLICE DEPARTMENT,0
a51eac,ARKANSAS STATE POLICE,0
a51eec,VENTURA COUNTY SHERIFFS DEPARTMENT,0
a52259,PINELLAS COUNTY SHERIFFS OFFICE,0
a52353,CHARLESTON COUNTY SHERIFFS OFFICE,0
a52431,STATE OF LOUISIANA  DEPARTMENT OF PUBLIC SAFETY,0
a524dd,TEXAS DEPARTMENT OF PUBLIC SAFETY,0
a5286f,UNITED STATES CUSTOMS AND BORDER PROTECTION  OFF,0
a52bcf,STATE OF NEW YORK  DIVISION OF STATE POLICE,1
a534b4,DEPARTMENT OF HOMELAND SECURITY,0
a534d3,HOOD RIVER COUNTY SHERIFF'S OFFICE  STATE OF ORE,0
a539b4,MICHIGAN DEPARTMENT OF STATE POLICE,0
a53eb0,SUFFOLK COUNTY SHERIFFS OFFICE,0
a54be6,CITY OF OAKLAND POLICE DEPARTMENT HELICOPTER UNI,0
a54dfb,COLLIER COUNTY SHERIFFS OFFICE,0
a54f9d,BATON ROUGE POLICE DEPARTMENT,0
a5520e,ALAMEDA COUNTY SHERIFFS OFFICE,0
a55354,DESOTO PARISH SHERIFF OFFICE,0
a5567f,CALIFORNIA HIGHWAY PATROL  OFFICE OF AIR OPERATI,0
a55b17,DELAWARE STATE POLICE,0
a55d3d,IOWA STATE PATROL,0
a55f4a,NEW CASTLE COUNTY POLICE DEPARTMENT (DE),0
a57013,MARSHALL COUNTY SHERIFF DEPT,0
a57161,KENTUCKY STATE POLICE,0
a58178,FULTON COUNTY SHERIFFS OFFICE,0
a58241,COUNTY OF SUFFOLK POLICE DEPARTMENT,0
a582a3,DEPARTMENT OF PUBLIC SAFETY OF THE STATE OF TEXA,0
a5852f,FULTON COUNTY SHERIFFS OFFICE,0
a585f8,CHARLOTTE MECKLENBURG POLICE DEPARTMENT,1
a58923,DEPT OF CALIFORNIA HIGHWAY PATROL,0
a590d3,COLLIER COUNTY SHERIFFS OFFICE,0
a598e0,KENTUCKY STATE POLICE,0
a599b3,STATE OF ARIZONA  ARIZONA DEPT OF PUBLIC SAFETY,0
a59d6a,STATE OF ARIZONA  ARIZONA DEPT OF PUBLIC SAFETY,0
a5a0a4,STATE OF MICHIGAN  DEPARTMENT OF STATE POLICE  A,0
a5a121,STATE OF ARIZONA  ARIZONA DEPARTMENT OF PUBLIC S,0
a5a4d8,STATE OF ARIZONA  ARIZONA DEPARTMENT OF PUBLIC S,0
a5a88f,STATE OF ARIZONA  ARIZONA DEPARTMENTOF PUBLIC SA,0
a5ac46,STATE OF ARIZONA  ARIZONA DEPARTMENT OF PUBLIC S,0
a5affd,STATE OF ARIZONA  ARIZONA DEPARTMENT OF PUBLIC S,0
a5b045,GEORGIA DEPT OF PUBLIC SAFETY,0
a5b0fb,MONROE COUNTY SHERIFFS OFFICE,0
a5b114,NEW CASTLE COUNTY POLICE DEPT,0
a5b3b4,STATE OF ARIZONA  ARIZONA DEPARTMENT OF PUBLIC S,0
a5b76b,ARIZONA DEPARTMENT OF PUBLIC SAFETY,0
a5b869,MONROE COUNTY SHERIFFS OFFICE,0
a5b882,NEW CASTLE COUNTY POLICE DEPT,0
a5b948,WINDWARD AVIATION INC  MAUI POLICE DEPARTMENT,0
a5bb22,STATE OF ARIZONA  ARIZONA DEPARTMENT OF PUBLIC S,0
a5bc20,MONROE COUNTY SHERIFFS OFFICE,0
a5bc39,NEW CASTLE COUNTY POLICE DEPT,0
a5c249,NEW CASTLE COUNTY POLICE DEPT,0
a5c550,FORT BEND COUNTY SHERIFFS OFFICE,0
a5c600,NEW CASTLE COUNTY POLICE DEPT,0
a5c6a4,DEPARTMENT OF HOMELAND SECURITY,1
a5c8bd,CITRUS COUNTY SHERIFF'S OFFICE,0
a5c9b7,NEW CASTLE COUNTY POLICE DEPT,0
a5ca5b,DEPARTMENT OF HOMELAND SECURITY,1
a5ccbe,FORT BEND COUNTY SHERIFFS OFFICE,0
a5cd6e,NEW CASTLE COUNTY POLICE DEPT,0
a5ce12,DEPARTMENT OF HOMELAND SECURITY,1
a5d125,NEW CASTLE COUNTY POLICE DEPT,0
a5d1c9,DEPARTMENT OF HOMELAND SECURITY,1
a5d4dc,NEW CASTLE COUNTY POLICE DEPT,0
a5d580,DEPARTMENT OF HOMELAND SECURITY,1
a5d893,NEW CASTLE COUNTY POLICE DEPT,0
a5d937,DEPARTMENT OF HOMELAND SECURITY,1
a5dc4a,NEW CASTLE COUNTY POLICE DEPT,0
a5dcee,DEPARTMENT OF HOMELAND SECURITY,1
a5df8f,UTAH HIGHWAY PATROL,0
a5e001,NEW CASTLE COUNTY POLICE DEPT,0
a5e0a5,DEPARTMENT OF HOMELAND SECURITY,1
a5e2bb,DEPARTMENT OF HOMELAND SECURITY,0
a5e3b8,NEW CASTLE COUNTY POLICE DEPT,0
a5e45c,DEPARTMENT OF HOMELAND SECURITY,0
a5e8b1,STATE OF ARIZONA  ARIZONA DEPARTMENT OF PUBLIC S,0
a5e9ed,PLAQUEMINES PARISH SHERIFF'S OFFICE,0
a5ea33,U S CUSTOMS & BORDER PROTECTION  NATIONAL AIR SE,0
a5ea6c,DEPARTMENT OF HOMELAND SECURITY,0
a5ec68,STATE OF ARIZONA  ARIZONA DEPT OF PUBLIC SAFETY,0
a5ed98,ORANGE COUNTY SHERIFF,0
a5edca,ORANGE COUNTY SHERIFF'S OFFICE,0
a5edd2,ORANGE COUNTY SHERIFF,0
a5f01f,STATE OF ARIZONA  ARIZONA DEPARTMENT OF PUBLIC S,0
a5f3d6,STATE OF ARIZONA  ARIZONA DEPARTMENT OF PUBLIC S,0
a5f78d,STATE OF ARIZONA  ARIZONA DEPARTMENT OF PUBLIC S,0
a5f791,BROWARD COUNTY SHERIFF'S OFFICE,0
a5fb44,STATE OF ARIZONA  ARIZONA DEPARTMENT OF PUBLIC S,0
a5fc75,MONTPELIER POLICE DEPARTMENT,0
a602b2,STATE OF ARIZONA  ARIZONA DEPARTMENT OF PUBLIC S,0
a6034b,COUNTY OF BUTTE  A POLITICAL SUBDIVISION OF THE,0
a60669,STATE OF ARIZONA  ARIZONA DEPT OF PUBLIC SAFETY,0
a6066d,BUTTE COUNTY SHERIFFS OFFICE,0
a60a20,STATE OF ARIZONA  ARIZONA DEPT OF PUBLIC SAFETY,0
a60ba6,MN STATE PATROL,0
a6165b,SANTA BARBARA COUNTY SHERIFFS DEPARTMENT,0
a62a7d,KERN COUNTY SHERIFFS DEPARTMENT,0
a62b61,US DEPARTMENT OF HOMELAND SECURITY  US CUSTOMS &,0
a63208,NEW CASTLE COUNTY POLICE DEPT (DE),0
a6323a,NEW CASTLE COUNTY POLICE DEPT (DE),0
a6326c,NEW CASTLE COUNTY POLICE DEPT (DE),0
a63673,STATE OF NEW JERSEY  DEPT OF LAW AND PUBLIC SAFE,0
a63a68,SNOHOMISH COUNTY SHERIFF,0
a63b9f,PINE BLUFF POLICE DEPARTMENT  JEFFERSON COUNTY S,0
a63e64,HONOLULU POLICE DEPARTMENT  CITY & COUNTY OF HON,0
a63e80,SHELBY COUNTY SHERIFFS OFFICE,0
a63f2a,CITY OF PASADENA  POLICE DEPARTMENT-AVIATION SEC,0
a63f65,ANDERSON COUNTY SHERIFFS OFFICE,0
a6421b,HONOLULU POLICE DEPARTMENT,0
a6427f,CITY OF MESA POLICE DEPT/AVIATION DEPT,0
a64662,CITY OF MIAMI POLICE DEPARTMENT,0
a64989,FLORIDA HIGHWAY PATROL,0
a64c91,ALBUQUERQUE POLICE DEPARTMENT,0
a64ce2,SPOKANE COUNTY SHERIFF'S OFFICE,0
a64d34,OFFICE OF THE SHERIFF  COUNTY OF BUTTE CALIFORNI,0
a64da4,CITY OF MESA POLICE DEPT  AVIATION UNIT,1
a64e41,ANDERSON COUNTY SHERIFFS OFFICE,0
a64e48,UTAH COUNTY SHERIFF,0
a65512,MESA POLICE DEPT,1
a6558f,STATE OF INDIANA  INDIANA STATE POLICE,1
a655af,ANDERSON COUNTY SHERIFFS OFFICE,0
a65865,CALIFORNIA HIGHWAY PATROL,0
a658c9,MESA POLICE DEPT/AVIATION UNIT,0
a65946,LOUISIANA STATE POLICE,1
a65bbe,SPOKANE COUNTY SHERIFFS OFFICE,0
a65c38,SPOKANE COUNTY SHERIFFS OFFICE,0
a65c80,MESA POLICE DEPT/AVIATION UNIT,0
a65cf2,SPOKANE COUNTY SHERIFFS OFFICE,0
a65fcb,SAN MATEO COUNTY SHERIFF'S OFFICE,1
a660b4,DEPARTMENT OF PUBLIC SAFETY  DIVISION OF STATE P,0
a6628f,DEKALB COUNTY SHERIFFS OFFICE,0
a665e3,CALIFORNIA HIGHWAY PATROL  OFFICE OF AIR OPERATI,0
a66625,SALT RIVER POLICE DEPT,0
a669da,LAKE COUNTY SHERIFF DEPARTMENT,0
a66a26,DETROIT POLICE AIR SUPPORT,0
a66b77,US DEPARTMENT OF HOMELAND SECURITY  US CUSTOMS &,0
a66d51,CALIFORNIA HIGHWAY PATROL  OFFICE OF AIR OPERATI,0
a66d91,LAKE COUNTY SHERIFFS DEPT,0
a66ddd,CITY OF DETROIT  POLICE DEPARTMENT,0
a67108,STATE OF OHIO / DEPARTMENT OF PUBLIC SAFETY  OHI,0
a67117,CITY OF FRESNO POLICE DEPARTMENT  SKYWATCH OPERA,0
a67148,LAKE COUNTY SHERIFFS DEPARTMENT,0
a67194,CITY OF DETROIT  DETROIT PUBLIC SAFETY HEADQUART,0
a674ff,LAKE COUNTY SHERIFF DEPARTMENT,0
a67c51,DEPARTMENT OF HOMELAND SECURITY,0
a67c6d,LAKE COUNTY SHERIFF,0
a67f83,VOLUSIA SHERIFFS OFFICE,0
a68024,LAKE COUNTY SHERIFF,0
a681e2,US DEPARTMENT OF HOMELAND SECURITY  US CUSTOMS &,0
a68235,LAS VEGAS METROPOLITAN POLICE DEPARTMENT,0
a683db,LAKE COUNTY SHERIFF,0
a689eb,LAKE COUNTY SHERIFF,0
a68a37,CITY OF GLENDALE POLICE DEPARTMENT  CITY OF BURB,1
a68a85,LOUISVILL POLICE,0
a68a8c,ARKANSAS STATE POLICE,0
a68ba3,U S DEPT OF HOMELAND SECURITY  U S CUSTOMS & BOR,0
a68bb5,DALE COUNTY SHERIFFS OFFICE,0
a68bd9,U S DEPT OF HOMELAND SECURITY  U S CUSTOMS & BOR,0
a68be0,U S DEPT OF HOMELAND SECURITY  U S CUSTOMS & BOR,0
a68cd6,BAXTER COUNTY SHERIFFS OFFICE,0
a68df1,PRINCE GEORGES COUNTY POLICE AVIATION SECTION,0
a68e43,DEPARTMENT OF ARKANSAS STATE POLICE,0
a6903d,US DEPARTMENT OF HOMELAND SECURITY  US CUSTOMS &,0
a69164,GUERNSEY COUNTY SHERIFFS OFFICE,0
a691fa,ARKANSAS DEPARTMENT OF CORRECTION,0
a693ea,CALCASIEU PARISH SHERIFFS OFFICE,1
a6943c,EAST BATON ROUGE SHERIFF,0
a695a7,EAST BATON ROUGE SHERIFF,0
a695b1,ARKANSAS STATE POLICE,0
a697c2,RIVERSIDE COUNTY SHERIFFS DEPARTMENT,0
a698f2,CITY OF FRESNO  POLICE DEPT SKYWATCH OPERATIONS,0
a69968,ARKANSAS STATE POLICE,0
a69c4c,JACKSON COUNTY SHERIFFS DEPARTMENT,0
a69cca,CITY OF GLENDALE POLICE DEPT,0
a69d1f,ARKANSAS STATE POLICE,0
a6a0b1,PALM BEACH COUNTY SHERIFFS OFFICE,0
a6a4e5,ALACHUA COUNTY SHERIFF,0
a6a56c,TEXAS DEPARTMENT OF PUBLIC SAFETY,0
a6ab5c,COLLIER COUNTY SHERIFFS OFFICE,0
a6aefc,KENTUCKY STATE POLICE,0
a6aff0,COMMONWEALTH OF VIRGINIA  DEPT OF STATE POLICE,0
a6b07b,JEFFERSON COUNTY POLICE DEPT,0
a6b089,BUTTE COUNTY SHERIFFS OFFICE,0
a6b0d4,EL DORADO COUNTY SHERIFFS OFFICE,0
a6b140,LAS VEGAS METROPOLITAN POLICE DEPARTMENT,0
a6b1b6,ALBUQUERQUE POLICE DEPARTMENT,0
a6b1b9,PRINCE GEORGES COUNTY POLICE AVIATION SECTION,0
a6b201,EAST BATON ROUGE PARISH SHERIFF,0
a6b20b,LOUISIANA HIGHWAY PATROL C/O FATC,0
a6b27a,OXFORD POLICE DEPARTMENT,0
a6b4e1,FLORIDA HIGHWAY PATROL  DEPARTMENT OF HIGHWAY SA,0
a6b56d,ALBUQUERQUE POLICE DEPARTMENT,0
a6bcf3,CALHOUN COUNTY SHERIFFS OFFICE,0
a6bd25,CALHOUN COUNTY SHERIFFS OFFICE,0
a6bd88,BAY COUNTY SHERIFF'S DEPT,0
a6bf32,MAINE STATE POLICE,0
a6c08e,DEPARTMENT OF HOMELAND SECURITY,0
a6c092,FRESNO POLICE DEPARTMENT,0
a6c50d,OXFORD POLICE DEPARTMENT,0
a6c703,MICHIGAN DEPARTMENT OF STATE POLICE,0
a6c800,WESTCHESTER COUNTY DEPARTMENT OF PUBLIC SAFETY,0
a6cbb3,PUTNAM COUNTY SHERIFFS OFFICE,0
a6d692,WILMINGTON POLICE DEPARTMENT,0
a6d731,INDIANA STATE POLICE,1
a6d7fa,JEFFERSON COUNTY POLICE DEPT,0
a6d804,STATE OF ARIZONA  ARIZONA DEPARTMENT OF PUBLIC S,0
a6dbbb,STATE OF ARIZONA  ARIZONA DEPARTMENT OF PUBLIC S,0
a6dc39,DEPARTMENT OF HOMELAND SECURITY,0
a6dcea,US DEPARTMENT OF HOMELAND SECURITY  US CUSTOMS &,0
a6df72,STATE OF ARIZONA  ARIZONA DEPARTMENT OF PUBLIC S,0
a6e329,STATE OF ARIZONA  ARIZONA DEPARTMENT OF PUBLIC S,0
a6e6e0,STATE OF ARIZONA  ARIZONA DEPARTMENT OF PUBLIC S,0
a6ea97,STATE OF ARIZONA  ARIZONA DEPARTMENT OF PUBLIC S,0
a6ebc8,EUCLID POLICE DEPARTMENT  C/O SGT ADAM BEESE,0
a6ebde,ADAMS COUNTY SHERIFFS OFFICE,0
a6ec39,OCONEE COUNTY SHERIFF DEPT,0
a6ee4e,STATE OF ARIZONA  ARIZONA DEPARTMENT OF PUBLIC S,0
a6f0c7,STATE OF ALASKA  DEPARTMENT OF PUBLIC SAFETY,1
a6f205,STATE OF ARIZONA  DEPARTMENT OF PUBLIC SAFETY,0
a6f4eb,STATE OF ALASKA  DEPARTMENT OF PUBLIC SAFETY  AI,1
a6f5bc,STATE OF ARIZONA  ARIZONA DEPT OF PUBLIC SAFETY,0
a6f5c0,BUTTE COUNTY SHERIFFS OFFICE,0
a6f6fe,SAN JOAQUIN COUNTY SHERIFFS OFFICE,0
a6f973,STATE OF ARIZONA  ARIZONA DEPARTMENT OF PUBLIC S,0
a6faf3,SALINA COUNTY SHERIFFS DEPT,0
a6fb56,CANYON COUNTY SHERIFF'S OFFICE,0
a70028,KANSAS HIGHWAY PATROL,0
a7005d,KANSAS HIGHWAY PATROL,1
a7033a,ARIZONA DEPARTMENT OF PUBLIC SAFETY,0
a70370,SAN JOSE POLICE DEPARTMENT,0
a7044f,CA STATE UNIVERSITY MONTEREY BAY  POLICE DEPT,0
a704c0,ILLINOIS STATE POLICE,0
a70519,CALCASIEU PARISH POLICE JURY,0
a70713,ORANGE COUNTY SHERIFF'S OFFICE,0
a7086d,EAST BATON ROUGE SHERIFF,0
a709f3,SHERIFFS DEPARTMENT  COUNTY OF ALAMEDA,1
a70ad0,CITY OF COLUMBUS DIVISION OF POLICE,0
a70b4d,CALIFORNIA HIGHWAY PATROL,0
a70f83,MD DNR POLICE DEPT,0
a71392,EAST BATON ROUGE PARISH SHERIFF,0
a715f5,CITY OF COLUMBUS  DIVISION OF POLICE,0
a71749,HARRIS COUNTY SHERIFFS OFFICE,0
a71774,TEXAS DEPT OF PUBLIC SAFETY,0
a719ac,CITY OF COLUMBUS  DIVISION OF POLICE,0
a71fc4,ALASKA DEPARTMENT OF PUBLIC SAFETY  AIRCRAFT SEC,1
a724a9,STATE OF ARIZONA DEPARTMENT OF PUBLIC SAFETY,1
a72a1e,GRANT PARISH SHERIFFS OFFICE,0
a72aa1,US DEPARTMENT OF HOMELAND SECURITY  US CUSTOMS &,0
a72ab9,ARIZONA DEPARTMENT OF PUBLIC SAFETY,0
a72b4d,PALM BEACH COUNTY SHERIFFS OFFICE,0
a72c3f,ILLINOIS STATE POLICE  AIR OPERATIONS BUREAU,0
a72ff1,ST JAMES PARISH SHERIFFS OFFICE,0
a741a8,DEPT OF CALIFORNIA HIGHWAY PATROL,0
a74523,HIGHLAND COUNTY SHERIFFS OFFICE,0
a749fa,BREVARD COUNTY SHERIFFS OFFICE,0
a74e77,JEFFERSON COUNTY POLICE DEPT,0
a75028,TEXAS DEPARTMENT OF PUBLIC SAFETY,0
a7591f,LOUISIANA STATE POLICE,1
a75920,DEPARTMENT OF PUBLIC SAFETY  OFFICE OF STATE POL,1
a75ede,STATE OF ALASKA DEPARTMENT OF PUBLIC SAFETY,0
a7622d,NEBRASKA STATE PATROL,0
a762f3,VILLAGE OF WINTHROP HARBOR POLICE DEPARTMENT,0
a76c6f,VILLAGE OF LAKE VILLA POLICE DEPARTMENT,0
a773a7,STATE OF ARIZONA  DEPARTMENT OF PUBLIC SAFETY  A,1
a7740f,FLORENCE COUNTY SHERIFF DEPT,0
a775f3,SHELBY COUNTY SHERIFFS OFFICE,0
a775f6,JEFFERSON COUNTY POLICE DEPT,0
a779aa,SHELBY COUNTY SHERIFFS OFFICE,0
a77b32,SHELBY COUNTY SHERIFFS OFFICE,0
a785df,MOBILE POLICE DEPARTMENT,0
a787c8,DESOTO CTY SHERIFF DEPT,0
a7892d,HENRY COUNTY SHERIFF'S OFFICE,0
a78aed,PINELLAS COUNTY SHERIFFS OFFICE,0
a79d75,JEFFERSON COUNTY POLICE DEPT,0
a79ee0,PALM BEACH COUNTY SHERIFFS OFFICE  AIR OPERATION,0
a7a50b,CUSTOMS AND BORDER PROTECTION,0
a7a61e,WESTCHESTER COUNTY DEPT OF PUBLIC SAFETY TRNSPN,0
a7a64e,PALM BEACH COUNTY SHERIFFS OFFICE,0
a7a9d4,US DEPARTMENT OF HOMELAND SECURITY  US CUSTOMS &,0
a7aa05,PALM BEACH COUNTY SHERIFFS OFFICE,0
a7adbc,PALM BEACH COUNTY SHERIFFS OFFICE,0
a7b173,PALM BEACH COUNTY SHERIFFS OFFICE,0
a7b52a,PALM BEACH COUNTY SHERIFFS OFFICE,0
a7c01f,MONTPELIER POLICE DEPARTMENT,0
a7c06a,PIMA COUNTY SHERIFFS DEPARTMENT,0
a7c136,MONTPELIER POLICE DEPARTMENT,0
a7c34a,STATE OF OHIO  DEPARTMENT OF PUBLIC SAFETY  OHIO,0
a7c3c2,NEW JERSEY STATE POLICE,0
a7c624,CITY OF ONTARIO  POLICE DEPARTMENT AIR SUPPORT U,0
a7c6a5,TEXAS DEPARTMENT OF PUBLIC SAFETY,0
a7c7fc,KANSAS HIGHWAY PATROL,0
a7c8d3,JEFFERSON COUNTY SHERIFFS OFFICE,0
a7ca94,POLICE FACILITY DESIGN GROUP PA,0
a7cbb3,DEPARTMENT OF CALIFORNIA HIGHWAY PATROL,0
a7cc3f,NASSAU COUNTY POLICE DEPARTMENT,0
a7cc8a,JEFFERSON COUNTY SHERIFFS OFFICE,1
a7cec5,STATE OF ARIZONA  ARIZONA DEPARTMENT OF PUBLIC S,0
a7cff6,NASSAU COUNTY POLICE DEPARTMENT,0
a7d041,JEFFERSON COUNTY SHERIFF'S OFFICE,0
a7d06a,DEPARTMENT OF HOMELAND SECURITY,0
a7d3ad,NASSAU CNTY POLICE DEPT,0
a7d3f9,NEW MEXICO STATE POLICE,0
a7d764,NASSAU COUNTY POLICE DEPARTMENT  AIR BUREAU,0
a7d925,ORANGE COUNTY SHERIFFS DEPARTMENT RNSP,0
a7d9d1,NEW YORK STATE POLICE,1
a7dae8,MANATEE COUNTY SHERIFFS OFFICE,0
a7db1b,NASSAU COUNTY POLICE DEPT,0
a7ded2,NASSAU COUNTY POLICE DEPARTMENT  AIR BUREAU,0
a7e2de,NEW MEXICO STATE POLICE AIRCRAFT SECTION,0
a7e2ec,STATE OF ALASKA  DEPARTMENT OF PUBLIC SAFETY,1
a7e68b,SNOHOMISH COUNTY SHERIFFS OFFICE,0
a7e695,NEW MEXICO STATE POLICE,0
a7e7f0,U S DEPT OF HOMELAND SECURITY  U S CUSTOMS & BOR,0
a7e847,U S DEPT OF HOMELAND SECURITY  U S CUSTOMS & BOR,0
a7e869,US DEPARTMENT OF HOMELAND SECURITY  US CUSTOMS &,0
a7ea4c,NEW MEXICO STATE POLICE,0
a7eb79,US DEPARTMENT OF HOMELAND SECURITY  US CUSTOMS &,0
a7ee03,NEW YORK STATE POLICE,1
a7eebe,US DEPARTMENT OF HOMELAND SECURITY  US CUSTOMS &,0
a7f007,NASSAU COUNTY POLICE DEPARTMENT,0
a7f075,CITY OF TAMPA POLICE DEPT,1
a7f195,US DEPARTMENT OF HOMELAND SECURITY  US CUSTOMS &,0
a7f2f5,FLAGLER COUNTY SHERIFFS OFFICE,0
a7f332,FLORIDA HIGHWAY PATROL,0
a7fa03,PIMA COUNTY SHERIFF DEPT,0
a7fa17,PIMA COUNTY SHERIFF DEPT,0
a7faae,PIMA COUNTY SHERIFF DEPT,0
a7ff7a,OFFICE OF HOMELAND SECURITY  COLUMBUS GA CONSOLI,0
a802ec,CUSTOMS AND BORDER PROTECTION,0
a80348,WILLIAMSON COUNTY SHERIFF OFFICE,0
a8054b,UTICA POLICE DEPARTMENT,0
a8097c,CALIFORNIA HIGHWAY PATROL,0
a80a08,CULLMAN POLICE DEPARTMENT,0
a80ab6,WILLIAMSON COUNTY SHERIFF'S OFFICE,0
a80cd2,VOLUSIA SHERIFFS OFFICE,0
a816fa,DEPARTMENT OF PUBLIC SAFETY,1
a81709,WAUKESHA POLICE DEPT,0
a8184d,CHEROKEE SHERIFFS OFFICE,0
a81a73,CITY OF PHOENIX  POLICE AIR SUPPORT UNIT,0
a81c6f,DEPARTMENT OF HOMELAND SECURITY,0
a81e2a,CITY OF PHOENIX  POLICE AIR SUPPORT UNIT,0
a820f8,AUSTIN POLICE DEPT,0
a82214,HERNANDO COUNTY SHERIFFS OFFICE,0
a82598,CITY OF PHOENIX  POLICE AIR SUPPORT UNIT,0
a8294f,CITY OF PHOENIX  POLICE AIR SUPPORT UNIT,0
a82a62,SAN BERNARDINO COUNTY SHERIFFS DEPARTMENT,0
a82f24,BRUNSWICK COUNTY SHERIFFS OFFICE,0
a83dd4,STATE OF ARIZONA  ARIZONA DEPARTMENT OF PUBLIC S,0
a83e79,OKLAHOMA DEPARTMENT OF PUBLIC SAFETY,0
a83e96,DALE COUNTY SHERIFFS OFFICE,0
a8416f,HERNANDO COUNTY SHERIFF,0
a8418b,STATE OF ARIZONA  ARIZONA DEPARTMENT OF PUBLIC S,0
a8426d,DEPARTMENT OF HOMELAND SECURITY,0
a84305,SAN BERNARDINO COUNTY SHERIFFS DEPT,0
a84311,ILLINOIS STATE POLICE,0
a8431f,TUSCALOOSA POLICE DEPARTMENT,0
a8447d,JAY CONSTABLE,0
a846d6,ETOWAH COUNTY SHERIFFS OFFICE,0
a846dd,KENTUCKY STATE POLICE,0
a848f9,STATE OF ARIZONA  ARIZONA DEPARTMENT OF PUBLIC S,0
a84a75,OAKLAND COUNTY SHERIFF'S DEPARTMENT,0
a84b3c,LOS ANGELES COUNTY SHERIFFS DEPARTMENT,0
a84cb0,STATE OF ARIZONA  ARIZONA DEPARTMENT OF PUBLIC S,0
a84e44,TUSCALOOSA COUNTY SHERIFFS OFFICE,0
a84ef6,COMMONWEALTH OF MASSACHUSETTS  MASSACHUSETTS STA,0
a85067,STATE OF ARIZONA  ARIZONA DEPARTMENT OF PUBLIC S,0
a851e3,OAKLAND COUNTY SHERIFFS OFFICE,0
a85230,HIGHLAND COUNTY SHERIFFS OFFICE,0
a85452,MICHIGAN STATE POLICE,0
a8594f,SAN BERNARDINO COUNTY SHERIFF'S DEPT,0
a85d06,SAN BERNARDINO COUNTY SHERIFF'S DEPT,0
a860bd,SAN BERNARDINO COUNTY SHERIFF'S DEPT,0
a865f8,KANSAS HIGHWAY PATROL,0
a867cc,CITY OF MEMPHIS  POLICE DEPT,0
a86819,STATE OF LOUISIANA  DEPARTMENT OF PUBLIC SAFETY,0
a874fb,KANSAS CITY POLICE DEPT,0
a87b5d,CHARLOTTE COUNTY SHERIFFS OFFICE,0
a87c5e,WASHINGTON STATE PATROL,0
a8815e,WILLIAMSON COUNTY SHERIFFS OFFICE,0
a88b1e,OHIO DEPARTMENT OF PUBLIC SAFETY,0
a88cd2,STATE OF ARIZONA  ARIZONA DEPT OF PUBLIC SAFETY,0
a88d77,KANSAS HIGHWAY PATROL,0
a890a3,DEPARTMENT OF HOMELAND SECURITY,0
a8914a,COLORADO STATE PATROL,0
a8920f,NEW YORK STATE POLICE,1
a89372,CANTON POLICE DEPARTMENT,0
a8a06e,METRA POLICE DEPT,0
a8a425,METRA POLICE DEPARTMENT,0
a8ab88,MARTIN COUNTY SHERIFFS OFFICE,0
a8b4f6,KANSAS HIGHWAY PATROL,0
a8b98e,ILLINOIS STATE POLICE,0
a8ca85,MIDDLETOWN POLICE DEPARTMENT,1
a8cb06,MIDDLETOWN POLICE DEPARTMENT,0
a8cc2b,MIDDLETOWN POLICE DEPARTMENT,0
a8cf83,LOS ANGELES POLICE DEPARTMENT,0
a8d33a,LOS ANGELES POLICE DEPT AIR SUPPORT DIVISION,0
a8da5e,CITY OF WILMINGTON POLICE DEPARTMENT,0
a8dc75,KANSAS HIGHWAY PATROL  3600 NE SARDOU AVE BLDG 2,0
a8dd00,SAN DIEGO COUNTY SHERIFFS DEPARTMENT,0
a8dd4c,MARSHALL COUNTY SHERIFFS OFFICE,0
a8dd56,DEPARTMENT OF PUBLIC SAFETY  OFFICE OF STATE POL,1
a8de3e,LAUDERDALE COUNTRY SHERIFFS OFFICE,0
a8deb6,DESOTO COUNTY SHERIFF DEPT,0
a8df6d,SPARTANBURG COUNTY SHERIFFS OFFICE,0
a8df87,PIMA COUNTY BOARD OF SUPERVISORS  PIMA COUNTY SH,0
a8e10d,ILLINOIS STATE POLICE,0
a8e2fb,STATE OF LOUISIANA  DEPARTMENT OF PUBLIC SAFETY,0
a8e33e,PIMA COUNTY BOARD OF SUPERVISORS  PIMA COUNTY SH,0
a8e6e8,CITRUS COUNTY SHERIFF'S OFFICE,0
a8ea23,GEORGIA STATE PATROL AVIATION DIVISION,0
a8ea97,ALAMEDA COUNTY SHERIFFS OFFICE,0
a8ec40,US DEPARTMENT OF HOMELAND SECURITY  US CUSTOMS &,0
a8ec53,TEXAS DEPARTMENT OF PUBLIC SAFETY,0
a8f25e,CUSTOMS AND BORDER PROTECTION,0
a8f34b,CULLMAN POLICE DEPARTMENT,0
a8f4e6,OKLAHOMA DEPARTMENT OF CORRECTIONS,0
a8f547,AUSTIN POLICE DEPARTMENT,0
a8f852,GEORGIA STATE PATROL AVIATION DIV,1
a8fa16,GWINNETT COUNTY POLICE DEPT,0
a8fc0b,KING COUNTY SHERIFF'S OFFICE,0
a8fcf9,KING COUNTY SHERIFFS OFFICE,0
a8febb,BREVARD COUNTY SHERIFF OFFICE,0
a8ffbc,CHAUTAUQUA COUNTY SHERIFFS OFFICE,0
a90097,DEPARTMENT OF HOMELAND SECURITY,0
a903f4,KANSAS HIGHWAY PATROL,0
a90882,JEFFERSON COUNTY SHERIFFS OFFICE,0
a92bff,BOARD OF POLICE COMMISSIONERS,0
a92fb6,BOARD OF POLICE COMMISSIONERS,0
a9336d,BOARD OF POLICE COMMISSIONERS,0
a935de,ALAMEDA COUNTY SHERIFFS OFFICE,0
a942a2,STATE OF MICHIGAN  DEPARTMENT OF STATE POLICE,0
a9479c,DEPARTMENT OF HOMELAND SECURITY  CUSTOMS AND BOR,0
a94805,DEPARTMENT OF HOMELAND SECURITY  CUSTOMS & BORDE,0
a949b7,BOARD OF POLICE COMMISSIONERS,0
a94aea,DEPARTMENT OF HOMELAND SECURITY  CUSTOMS AND BOR,0
a94c41,BUTLER COUNTY SHERIFF,1
a94d6e,BOARD OF POLICE COMMISSIONERS,0
a94d9f,BRUNSWICK COUNTY SHERIFFS OFFICE,0
a95111,STATE OF NEW JERSEY  DEPT OF LAW AND PUBLIC SAFE,0
a95902,DEPARTMENT OF CALIFORNIA HIGHWAY PATROL,0
a95a2b,U S DEPARTMENT OF HOMELAND SECURITY,0
a96089,DEPARTMENT OF HOMELAND SECURITY  US CUSTOMS AND,0
a96199,U S DEPARTMENT OF HOMELAND SECURITY,1
a961ae,SAN DIEGO COUNTY SHERIFF,0
a96440,DEPARTMENT OF HOMELAND SECURITY  US CUSTOMS AND,0
a96694,STATE OF ALASKA  DEPARTMENT OF PUBLIC SAFETY,1
a966fd,STATE OF ALASKA  DEPARTMENT OF PUBLIC SAFETY,0
a967fe,TULARE COUNTY SHERIFF,0
a96907,U S DEPARTMENT OF HOMELAND SECURITY,1
a9699c,STATE OF ALASKA  AIRCRAFT SECTION  DEPARTMENT OF,1
a96a05,STATE OF ALASKA  DEPARTMENT OF PUBLIC SAFETY  AI,1
a96a28,STATE OF ALASKA  DEPARTMENT OF PUBLIC SAFETY  AI,1
a96a4b,STATE OF ALASKA  DEPARTMENT OF PUBLIC SAFETY  AI,1
a96ab4,STATE OF ALASKA DEPARTMENT OF PUBLIC SAFETY,1
a96b7e,GWINNETT COUNTY POLICE DEPARTMENT,0
a96b95,FLORIDA HIGHWAY PATROL  DEPT HIGHWAY SAFETY & MO,0
a97075,U S DEPARTMENT OF HOMELAND SECURITY,0
a97126,STATE OF ALASKA  DEPARTMENT OF PUBLIC SAFETY  AI,1
a97127,STATE OF ALASKA  DEPARTMENT OF PUBLIC SAFETY  AI,1
a97128,STATE OF ALASKA  DEPARTMENT OF PUBLIC SAFETY  AI,1
a9738f,EAST BAY REGIONAL PARK DISTRICT  POLICE AIR SUPP,0
a9754d,STATE OF ALASKA  DEPARTMENT OF PUBLIC SAFETY  AI,1
a9775e,BILLINGS COUNTY SHERIFFS DEPARTMENT,0
a977a8,BILLINGS COUNTY SHERIFFS DEPARTMENT,0
a977f8,SAN DIEGO CO SHERIFF DEPT,0
a97a71,OHIO DEPARTMENT OF PUBLIC SAFETY,0
a97aa3,KING COUNTY DEPARTMENT OF PUBLIC SAFETY,0
a97ab1,LEE COUNTY SHERIFFS OFFICE,1
a97b90,VIRGINIA STATE POLICE,0
a97d56,CHINO POLICE DEPARTMENT,0
a98687,TRINITY COUNTY SHERIFFS DEPARTMENT,0
a98752,ADAMS COUNTY SHERIFFS DEPT,0
a9877e,EAST BATON ROUGE PARISH SHERIFFS OFFICE,0
a987b1,EAST BATON ROUGE PARISH SHERIFFS OFFICE,0
a98c1f,STATE OF ALASKA  DEPARTMENT OF PUBLIC SAFETY,1
a98f5d,OHIO DEPARTMENT OF PUBLIC SAFETY  OHIO STATE HIG,0
a99257,US DEPARTMENT OF HOMELAND SECURITY  US CUSTOMS &,0
a99378,METRO NASHVILLE POLICE AVIATION UNIT,0
a99389,NIAGARA COUNTY SHERIFF'S OFFICE,0
a99425,MIAMI DADE SHERIFF'S OFFICE  CRIME SCENE INVESTI,0
a99644,HILLSBOROUGH COUNTY SHERIFFS OFFICE,1
a996a5,GEORGIA STATE PATROL AVN,0
a996cb,OHIO DEPARTMENT OF PUBLIC SAFETY,0
a997ac,MINNESOTA STATE PATROL,0
a99a21,VOLUSIA SHERIFFS OFFICE,0
a99c89,STATE OF ALASKA  DEPARTMENT OF PUBLIC SAFETY,0
a99e13,GEORGIA STATE PATROL AVN,0
a9a0ae,STATE OF ALASKA  DEPARTMENT OF PUBLIC SAFETY,1
a9a1f0,OHIO DEPARTMENT OF PUBLIC SAFETY,0
a9a230,LEE COUNTY SHERIFFS OFFICE,1
a9a449,TENNESSEE HIGHWAY PATROL DEPARTMENT OF SAFETY,0
a9a52c,INDIAN RIVER COUNTY SHERIFFS OFFICE,0
a9ae61,DEPARTMENT OF HOMELAND SECURITY  US CUSTOMS & BO,0
a9b5be,COLLIER COUNTY SHERIFFS OFFICE,0
a9b5de,CALHOUN COUNTY SHERIFFS OFFICE,0
a9b711,KANSAS HIGHWAY PATROL,0
a9b8ca,DEPT OF HOMELAND SECURITY  US CUSTOMS AND BORDER,0
a9b933,DEPT OF HOMELAND SECURITY  US CUSTOMS AND BORDER,0
a9b956,DEPT OF HOMELAND SECURITY  US CUSTOMS AND BORDER,0
a9c015,DEPT OF HOMELAND SECURITY  US CUSTOMS AND BORDER,0
a9c038,DEPT OF HOMELAND SECURITY  US CUSTOMS AND BORDER,0
a9c05b,DEPT OF HOMELAND SECURITY  US CUSTOMS AND BORDER,0
a9c07e,DEPT OF HOMELAND SECURITY  US CUSTOMS AND BORDER,0
a9c0d0,DEPARTMENT OF HOMELAND SECURITY  US CUSTOMS AND,0
a9c0d1,DEPARTMENT OF HOMELAND SECURITY  US CUSTOMS AND,0
a9c0d3,DEPARTMENT OF HOMELAND SECURITY  US CUSTOMS AND,0
a9c0d4,DEPARTMENT OF HOMELAND SECURITY  US CUSTOMS AND,0
a9c12d,US CUSTOMS AND BORDER PROTECTION,0
a9c3a9,US CUSTOMS AND BORDER PROTECTION,0
a9c3cc,US CUSTOMS AND BORDER PROTECTION,0
a9c412,US CUSTOMS AND BORDER PROTECTION,0
a9c5fa,COLLIER COUNTY SHERIFFS OFFICE,0
a9c96f,OHIO STATE HIGHWAY PATROL,0
a9c9af,LEE COUNTY SHERIFFS OFFICE,1
a9cbc8,TENNESSEE HIGHWAY PATROL DEPARTMENT OF SAFETY,0
a9d056,HARRIS COUNTY SHERIFFS OFFICE,0
a9d47c,LOS ANGELES COUNTY SHERIFFS DEPARTMENT,0
a9d5b4,STATE OF ALASKA DEPARTMENT OF PUBLIC SAFETY,0
a9dc03,SUMTER COUNTY SHERIFFS OFFICE,1
a9df5b,EL PASO POLICE DEPARTMENT,0
a9e1a1,MICHIGAN STATE POLICE,0
a9e6be,STANISLAUS COUNTY SHERIFFS DEPARTMENT,0
a9e74c,COUNTY OF SANTA CRUZ  SHERIFFS OFFICE,1
a9e898,SHERIFF OF CHARLOTTE COUNTY,0
a9e8c3,U S MARSHALS SERVICE  JPATS - AIR OPERATIONS,0
a9ea1e,MACOMB COUNTY SHERIFFS AVIATION DIVISION,0
a9ec57,AUGLAIZE COUNTY SHERIFFS OFFICE,0
a9f046,MONROE COUNTY SHERIFF'S OFFICE,0
a9f12e,LEE COUNTY SHERIFFS OFFICE,1
a9f380,WILLIAMSON COUNTY SHERIFFS OFFICE,0
a9f3b2,WILLIAMSON COUNTY SHERIFFS OFFICE,0
a9f673,DEPARTMENT OF HOMELAND SECURITY,0
a9f7db,UNITED STATES CUSTOMS AND BORDER PROTECTION  OFF,0
a9f7dd,LAS VEGAS METROPOLITAN POLICE DEPARTMENT,0
aa1597,NEW YORK STATE POLICE,1
aa169d,HOUSTON POLICE DEPT  AIR SUPPORT DIV,0
aa16c0,HOUSTON POLICE DEPT  AIR SUPPORT DIV,0
aa1dcc,US DEPARTMENT OF HOMELAND SECURITY  US CUSTOMS &,0
aa20ae,AL ETOWAH CO SHERIFF DEPT,0
aa2183,US DEPARTMENT OF HOMELAND SECURITY  US CUSTOMS &,0
aa21c5,MISSISSIPPI COUNTY SHERIFF DEPARTMENT,0
aa24cb,MERCED COUNTY SHERIFFS OFFICE,0
aa253a,US DEPARTMENT OF HOMELAND SECURITY  US CUSTOMS &,0
aa2592,DEPARTMENT OF HOMELAND SECURITY,0
aa28f1,US DEPARTMENT OF HOMELAND SECURITY  US CUSTOMS &,0
aa2ca8,US DEPARTMENT OF HOMELAND SECURITY  US CUSTOMS &,0
aa3111,MARICOPA COUNTY SHERIFFS OFFICE,0
aa32db,PIERCE COUNTY SHERIFFS DEPARTMENT,0
aa3ba4,MARIN COUNTY SHERIFFS OFFICE,0
aa4245,TENNESSEE DEPARTMENT OF SAFETY & HOMELAND SECURI,0
aa4682,NEW YORK STATE POLICE,0
aa49f3,LEON COUNTY SHERIFFS OFFICE,0
aa4a39,NEW YORK STATE POLICE,0
aa5812,CITY OF CLEVELAND  DIVISION OF POLICE,0
aa5fcb,LEHIGH UNIVERSITY POLICE DEPARTMENT,0
aa60e2,MI STATE POLICE FIELD SUPP AVIATION,0
aa6491,US CUSTOMS & BORDER PROTECTION  OFFICE OF AIR &,0
aa6e5c,ILLINOIS STATE POLICE,0
aa7114,POLK COUNTY SHERIFF'S OFFICE,0
aa74e9,FLORIDA HIGHWAY PATROL  DEPARTMENT OF HIGHWAY SA,0
aa7641,HENDERSONVILLE POLICE NC,0
aa786b,SACRAMENTO COUNTY SHERIFF'S OFFICE,0
aa7d46,US DEPARTMENT OF HOMELAND SECURITY  US CUSTOMS &,0
aa80ef,CARTER COUNTY SHERIFFS DEPARTMENT,0
aa8695,SALT RIVER POLICE DEPARTMENT,0
aa86d4,WAYNE COUNTY SHERIFFS OFFICE,0
aa8c44,MIAMI-DADE SHERIFF'S OFFICE  CRIME SCENE INVESTI,0
aa8d7e,DEPARTMENT OF HOMELAND SECURITY,0
aa8da1,DEPARTMENT OF HOMELAND SECURITY,0
aa8dc4,DEPARTMENT OF HOMELAND SECURITY,0
aa8de7,DEPARTMENT OF HOMELAND SECURITY,0
aa8e0a,DEPARTMENT OF HOMELAND SECURITY,0
aa90d3,PALM BEACH COUNTY SHERIFFS OFFICE,0
aa9143,TENNESSEE DEPARTMENT OF SAFETY & HOMELAND SECURI,0
aa9459,BROWARD COUNTY SHERIFFS OFFICE,0
aa95cf,SAN BERNARDINO COUNTY SHERIFFS AVIATION DIVISION,0
aa9810,BROWARD COUNTY SHERIFFS OFFICE,0
aa9986,SAN BERNARDINO COUNTY SHERIFFS AVIATION DIVISION,1
aa9b21,ANAHEIM POLICE DEPT,0
aa9bc3,STATE OF ARIZONA DEPARTMENT OF PUBLIC SAFETY,1
aa9bc7,BROWARD COUNTY SHERIFF'S OFFICE,0
aa9d3d,SAN BERNARDINO COUNTY SHERIFFS AVIATION DIVISION,0
aaa0f4,SAN BERNARDINO COUNTY SHERIFFS AVIATION DIVISION,0
aaa4ab,SAN BERNARDINO COUNTY SHERIFFS AVIATION DIVISION,0
aaa862,SAN BERNARDINO COUNTY SHERIFFS AVIATION DIVISION,0
aaa888,BEAVER COUNTY SHERIFFS OFFICE,0
aaac19,SAN BERNARDINO COUNTY SHERIFFS AVIATION DIVISION,1
aaafd0,SAN BERNARDINO COUNTY SHERIFFS AVIATION DIVISION,0
aab319,US MARSHALS SERVICE,0
aab46c,KING COUNTY SHERIFFS OFFICE,0
aab6cd,MISSOURI STATE HIGHWAY PATROL,0
aab6f5,CLARK COUNTY SHERIFFS OFFICE,0
aab811,US DEPARTMENT OF HOMELAND SECURITY  US CUSTOMS &,0
aab8c2,TENNESSEE DEPARTMENT OF SAFETY & HOMELAND SECURI,0
aab985,KING COUNTY SHERIFFS OFFICE,0
aaba6a,WARREN COUNTY SHERIFFS DEPT,0
aabbc8,US DEPARTMENT OF HOMELAND SECURITY  US CUSTOMS &,0
aabf7f,US DEPARTMENT OF HOMELAND SECURITY  US CUSTOMS &,0
aac234,DEPARTMENT OF HOMELAND SECURITY  US CUSTOMS & BO,0
aac24f,DEPARTMENT OF HOMELAND SECURITY  US CUSTOMS & BO,0
aac336,US DEPARTMENT OF HOMELAND SECURITY  US CUSTOMS &,0
aac6ed,US DEPARTMENT OF HOMELAND SECURITY  US CUSTOMS &,0
aacc11,PALM BEACH COUNTY SHERIFFS OFFICE,0
aace5b,US DEPARTMENT OF HOMELAND SECURITY  US CUSTOMS &,1
aade5d,CITY OF PASADENA  POLICE DEPARTMENT,1
aae0c2,LOS ANGELES INTERAGENCY METROPOLITAN POLICE  APP,0
aae2f3,MARTIN COUNTY SHERIFFS DEPARTMENT,0
aae5f0,PASCO SHERIFFS OFFICE,0
aae651,DEPARTMENT OF CALIFORNIA HIGHWAY PATROL,0
aae6ab,MIAMI-DADE SHERIFF'S OFFICE  CRIME SCENE INVESTI,0
aae6b7,US DEPARTMENT OF HOMELAND SECURITY  US CUSTOMS &,0
aae6dd,SAN DIEGO POLICE DEPARTMENT,0
aae7b1,CUSTOMS AND BORDER PROTECTION/PERATON,0
aaea6e,DEPARTMENT OF HOMELAND SECURITY  CUSTOMS & BORDE,0
aaea94,SAN DIEGO POLICE DEPARTMENT,0
aaeb68,CUSTOMS AND BORDER PROTECTION/PERATON,0
aaed5e,PASCO SHERIFFS OFFICE,0
aaee25,DEPARTMENT OF HOMELAND SECURITY  CUSTOMS AND BOR,0
aaee4b,SAN DIEGO POLICE DEPARTMENT,0
aaee64,DOVER DELAWARE POLICE DEPARTMENT,0
aaef1f,CUSTOMS AND BORDER PROTECTION/PERATON,0
aaf1da,MIAMI DADE POLICE DEPT,0
aaf1dc,US DEPARTMENT OF HOMELAND SECURITY  US CUSTOMS &,0
aaf202,SAN DIEGO POLICE DEPARTMENT,0
aaf278,TEXAS DEPT. OF PUBLIC SAFETY,0
aaf287,MIAMI DADE POLICE DEPT  CRIME SCENE INVESTIGATIV,0
aaf2d6,CUSTOMS AND BORDER PROTECTION/PERATON,0
aaf3f7,ST BERNARD PARISH POLICE JURY  MOSQUITO CONTROL,0
aaf591,MIAMI DADE POLICE DEPT,0
aaf593,US DEPARTMENT OF HOMELAND SECURITY  US CUSTOMS &,0
aaf5b9,SAN DIEGO POLICE DEPARTMENT,0
aaf60b,COUNTY OF SAN LUIS OBISPO SHERIFFS OFFICE,0
aaf68d,CUSTOMS AND BORDER PROTECTION/PERATON,0
aaf94a,US DEPARTMENT OF HOMELAND SECURITY  US CUSTOMS &,0
aaf970,SAN DIEGO POLICE DEPARTMENT,0
aaf9e6,LUBBOCK POLICE DEPT,0
aaf9ed,DOVER DELAWARE POLICE DEPARTMENT,0
aafa44,CUSTOMS AND BORDER PROTECTION/PERATON,0
aafbea,US DEPARTMENT OF HOMELAND SECURITY  US CUSTOMS &,0
aafbfc,DOVER DELAWARE POLICE DEPT,0
aafd01,US DEPARTMENT OF HOMELAND SECURITY  US CUSTOMS &,0
aafd27,SAN DIEGO POLICE DEPARTMENT,0
aafdfb,CUSTOMS AND BORDER PROTECTION/PERATON,0
ab00b8,US DEPARTMENT OF HOMELAND SECURITY  US CUSTOMS &,0
ab0569,CUSTOMS AND BORDER PROTECTION/PERATON,0
ab0824,STATE OF MISSOURI  DEPARTMENT OF PUBLIC SAFETY,0
ab0a7f,US DEPARTMENT OF HOMELAND SECURITY  US CUSTOMS &,0
ab0dc2,DEPARTMENT OF HOMELAND SECURITY,0
ab0ed2,QUEEN ANNES COUNTY SHERIFFS OFFICE,0
ab1289,TEXAS DEPT OF PUBLIC SAFETY,0
ab1564,DEPARTMENT OF HOMELAND SECURITY  US CUSTOMS AND,0
ab1608,INDIAN RIVER COUNTY SHERIFFS OFFICE,0
ab1838,DEPARTMENT OF HOMELAND SECURITY,0
ab191b,DEPARTMENT OF HOMELAND SECURITY  US CUSTOMS AND,0
ab194e,MARTIN COUNTY SHERIFFS OFFICE,0
ab1a19,ALLEGHENY COUNTY SHERIFF'S OFFICE,0
ab1cd2,DEPARTMENT OF HOMELAND SECURITY  US CUSTOMS AND,0
ab1d82,SNOHOMISH COUNTY SHERIFFS OFFICE,0
ab2055,DEPARTMENT OF HOMELAND SECURITY,0
ab2089,DEPARTMENT OF HOMELAND SECURITY  US CUSTOMS AND,0
ab2410,DELAWARE DEPARTMENT OF CORRECTION,0
ab2440,DEPT OF HOMELAND SECURITY  US CUSTOMS AND BORDER,0
ab2698,BLADEN COUNTY SHERIFF DEPARTMENT NORTH CAROLINA,0
ab27f7,DEPARTMENT OF HOMELAND SECURITY  US CUSTOMS AND,0
ab2bae,DEPARTMENT OF HOMELAND SECURITY  US CUSTOMS AND,0
ab2c8a,TEXAS DEPARTMENT OF PUBLIC SAFETY,0
ab2f2d,GWINNETT COUNTY POLICE DEPT,0
ab2f81,COLLIER COUNTY SHERIFFS OFFICE,0
ab3198,TENNESSEE DEPT OF SAFETY AND HOMELAND SECURITY,0
ab31be,DEPARTMENT OF HOMELAND SECURITY  US CUSTOMS AND,0
ab3651,TEXAS DEPT OF PUBLIC SAFETY,0
ab3670,VANDERBURGH COUNTY SHERIFFS OFFICE,0
ab3861,ARIZONA DEPARTMENT OF PUBLIC SAFETY,1
ab399c,MASSACHUSETTS STATE POLICE,0
ab3c6b,WASHINGTON STATE PATROL,0
ab3cd4,MASSACHUSETTS STATE POLICE,0
ab3ce3,DEPARTMENT OF HOMELAND SECURITY  US CUSTOMS AND,0
ab3dde,VANDERBURGH COUNTY SHERIFFS OFFICE,0
ab3e10,CLARK COUNTY SHERIFF'S OFFICE,0
ab3fbf,MASSACHUSETTS STATE POLICE,0
ab4176,TEXAS DEPARTMENT OF PUBLIC SAFETY,0
ab4195,VANDERBURGH COUNTY SHERIFFS OFFICE,0
ab448d,MASSACHUSETTS STATE POLICE,0
ab454c,VANDERBURGH COUNTY SHERIFFS OFFICE,0
ab4731,US CUSTOMS AND BORDER PROTECTION,0
ab4ae8,US CUSTOMS AND BORDER PROTECTION,0
ab4c7e,MI STATE POLICE FIELD SUPP AVIATION,0
ab4c9b,TEXAS DEPARTMENT OF PUBLIC SAFETY,0
ab4db8,STATE OF ALASKA  DEPARTMENT OF PUBLIC SAFETY  AI,1
ab4dbb,STATE OF ALASKA  DEPARTMENT OF PUBLIC SAFETY  AI,1
ab4dbc,STATE OF ALASKA  DEPARTMENT OF PUBLIC SAFETY  AI,1
ab4e4a,BAY COUNTY SHERIFFS OFFICE,0
ab4e91,SHERIFF CHRISTOPHER J,0
ab4e9f,US CUSTOMS AND BORDER PROTECTION,0
ab50bc,DELAWARE DEPARTMENT OF CORRECTION,0
ab50d5,DELAWARE DEPARTMENT OF CORRECTION,0
ab5112,DELAWARE DEPARTMENT OF CORRECTION,0
ab5256,US CUSTOMS AND BORDER PROTECTION,0
ab532d,DEPARTMENT OF HOMELAND SECURITY  US CUSTOMS AND,0
ab5349,COLLIER COUNTY SHERIFFS OFFICE,0
ab5722,MISSOURI STATE HIGHWAY PATROL  ATTN AIRCRAFT DIV,0
ab5866,US CUSTOMS AND BORDER PROTECTION,0
ab5917,TENNESSEE DEPARTMENT OF SAFETY & HOMELAND SECURI,0
ab593d,DEPARTMENT OF HOMELAND SECURITY  US CUSTOMS AND,0
ab5a43,PULASKI COUNTY SHERIFFS OFFICE,0
ab5a58,PULASKI COUNTY SHERIFFS OFFICE,0
ab5da3,SAN BERNARDINO COUNTY SHERIFFS DEPT,0
ab5da4,SANTA CRUZ COUNTY SHERIFF'S OFFICE,0
ab615a,SAN BERNARDINO COUNTY SHERIFF'S DEPT,0
ab6462,DEPARTMENT OF HOMELAND SECURITY  US CUSTOMS AND,0
ab6511,SAN BERNARDINO COUNTY SHERIFFS DEPT,0
ab68c8,SAN BERNARDINO COUNTY SHERIFF'S DEPT,0
ab6c1c,NEW CASTLE COUNTY POLICE,0
ab6c7f,SAN BERNARDINO COUNTY SHERIFFS DEPT,0
ab6c80,ST. CHARLES PARISH SHERIFF'S OFFICE ROBERT RIDDI,0
ab6ef0,MICHIGAN STATE POLICE,0
ab7036,SAN BERNARDINO COUNTY SHERIFFS DEPT,0
ab7037,ST. CHARLES PARISH SHERIFF'S OFFICE ROBERT RIDDI,0
ab7294,COLUMBUS OFFICE OF HOMELAND SECURITY  COLUMBUS C,0
ab74ff,CITY OF HOUSTON POLICE DEPARTMENT,0
ab76f5,DEPARTMENT OF HOMELAND SECURITY  US CUSTOMS AND,0
ab7b5a,US DEPARTMENT OF HOMELAND SECURITY  US CUSTOMS &,0
ab8096,TENNESSEE DEPARTMENT OF SAFETY & HOMELAND SECURI,0
ab816d,MARSHALL COUNTY SHERIFFS OFFICE,0
ab876e,US DEPARTMENT OF HOMELAND SECURITY  US CUSTOMS &,0
ab87e1,HABERSHAM COUNTY SHERIFFS OFFICE,0
ab8b25,US DEPARTMENT OF HOMELAND SECURITY  US CUSTOMS &,0
ab8edc,US DEPARTMENT OF HOMELAND SECURITY  US CUSTOMS &,1
ab9074,TEXAS DEPARTMENT OF PUBLIC SAFETY,0
ab9293,US DEPARTMENT OF HOMELAND SECURITY  US CUSTOMS &,0
ab964a,US DEPARTMENT OF HOMELAND SECURITY  US CUSTOMS &,0
ab9a01,US DEPARTMENT OF HOMELAND SECURITY  US CUSTOMS &,0
ab9b6d,ST CHARLES PARISH SHERIFFS OFFICE,0
ab9db8,US DEPARTMENT OF HOMELAND SECURITY  US CUSTOMS &,0
aba16f,US DEPARTMENT OF HOMELAND SECURITY  US CUSTOMS &,0
aba282,METROPOLITAN NASHVILLE POLICE  AVIATION SECTION,0
aba2af,JOHNSTON COUNTY SHERIFFS OFFICE,0
aba2db,ST. CHARLES PARISH SHERIFF'S OFFICE ROBERT RIDDI,0
aba77f,US DEPARTMENT OF HOMELAND SECURITY  US CUSTOMS &,0
abab7f,LOS ANGELES POLICE DEPARTMENT  AIR SUPPORT DIVIS,0
abac7a,NEW CASTLE COUNTY POLICE,0
abb13a,SALT RIVER POLICE DEPARTMENT,0
abb1ec,SALT RIVER POLICE DEPARTMENT,0
abb2a4,US DEPARTMENT OF HOMELAND SECURITY  US CUSTOMS &,1
abb410,ST. CHARLES PARISH SHERIFF'S OFFICE ROBERT RIDDI,0
abb44b,MIAMI-DADE SHERIFF'S OFFICE  CRIME SCENE INVESTI,0
abb5a6,BLADEN COUNTY SHERIFFS OFFICE,0
abb65b,US DEPARTMENT OF HOMELAND SECURITY  US CUSTOMS &,0
abb70c,PASADENA POLICE DEPARTMENT,0
abb7b4,PASADENA POLICE DEPARTMENT,0
abbdc9,US DEPARTMENT OF HOMELAND SECURITY  US CUSTOMS &,0
abcc93,MOHAVE COUNTY SHERIFF'S OFFICE,1
abcd9f,MISSOURI STATE HIGHWAY PATROL,0
abd6de,CANYON COUNTY SHERIFFS OFFICE,0
abd7ea,LONG BEACH POLICE DEPARTMENT,0
abd947,DEPARTMENT OF HOMELAND SECURITY  US CUSTOMS & BO,0
abdba1,LONG BEACH POLICE DEPARTMENT,0
abde18,JONES COUNTY SHERIFFS OFFICE,0
abdf58,LONG BEACH POLICE DEPARTMENT,0
abe24e,KNOX COUNTY SHERIFFS OFFICE,0
abe30f,LONG BEACH POLICE DEPARTMENT,0
abe578,ORANGE COUNTY SHERIFFS OFFICE,0
abf713,KANSAS HIGHWAY PATROL,0
abf7f8,PENNSYLVANIA STATE POLICE  COMMONWEALTH OF PENNS,1
abf8b4,HOUSTON POLICE DEPARTMENT  AIR SUPPORT DIVISION,0
abfa5c,WAUKESHA POLICE DEPARTMENT,0
abfad6,BUFFALO COUNTY SHERIFFS OFFICE,0
abfbaf,PENNSYLVANIA STATE POLICE  BUREAU OF EMERGENCY &,1
abfc04,WARRICK COUNTY SHERIFF,0
abfdde,DELAWARE DEPARTMENT OF CORRECTION,0
abff66,PENNSYLVANIA STATE POLICE  BUREAU OF EMERGENCY &,1
abffbb,WARRICK COUNTY SHERIFF,0
ac00c7,DEPARTMENT OF HOMELAND SECURITY  US CUSTOMS & BO,0
ac029c,MISSOURI STATE HIGHWAY PATROL,0
ac031d,PENNSYLVANIA STATE POLICE  BUREAU OF EMERGENCY &,1
ac0372,WARRICK COUNTY SHERIFF,0
ac06d4,PENNSYLVANIA STATE POLICE  BUREAU OF EMERGENCY &,1
ac0729,WARRICK COUNTY SHERIFF,0
ac0876,MARION COUNTY SHERIFFS OFFICE,0
ac0a8b,PENNSYLVANIA STATE POLICE  BUREAU OF EMERGENCY &,1
ac0e42,PENNSYLVANIA STATE POLICE  BUREAU OF EMERGENCY &,1
ac0e7c,COMMONWEALTH OF VIRGINIA  DEPARTMENT OF STATE PO,0
ac1085,WILLIAMSON COUNTY SHERIFF OFFICE,0
ac1267,CRAIG CO SHERIFFS OFFICE,0
ac153d,CAVUGA NATION POLICE DEPT,0
ac15b0,PENNSYLVANIA STATE POLICE,0
ac1967,PENNSYLVANIA STATE POLICE  COMMONWEALTH OF PENNS,1
ac1b86,STATE OF ALASKA  DEPARTMENT OF PUBLIC SAFETY,1
ac1d10,CITY OF CHICAGO DEPARTMENT OF POLICE,1
ac2198,US CUSTOMS AND BORDER PROTECTION,0
ac22d6,CITY OF EDINA MN POLICE DEPT,0
ac232a,ILLINOIS STATE POLICE  AIR OPERATIONS BUREAU,0
ac2431,GWINNETT COUNTY POLICE DEPARTMENT,0
ac249a,GWINNETT COUNTY POLICE DEPARTMENT,0
ac254f,US CUSTOMS AND BORDER PROTECTION,0
ac2672,NIAGARA COUNTY SHERIFFS DEPARTMENT,0
ac2753,SAVANNAH POLICE DEPARTMENT,0
ac2906,US CUSTOMS AND BORDER PROTECTION,0
ac2a8e,CITY OF SAN DIEGO  POLICE AIR SUPPORT UNIT,0
ac2e45,CITY OF SAN DIEGO POLICE AIR SUPPORT UNIT,0
ac2e4f,SAVANNAH POLICE DEPT,0
ac455f,ALAMOSA COUNTY SHERIFFS OFFICE,0
ac46f2,WEST VIRGINIA STATE POLICE,0
ac4795,GWINNETT COUNTY POLICE DEPARTMENT,0
ac4ab8,MASSACHUSETTS STATE POLICE,0
ac4e64,PENNSYLVANIA STATE POLICE,0
ac4e8b,KEARNEY POLICE DEPARTMENT,0
ac51a5,DEPARTMENT OF HOMELAND SECURITY,0
ac51f3,RIVERSIDE COUNTY SHERIFFS OFFICE CALIFORNIA,0
ac521b,PENNSYLVANIA STATE POLICE,0
ac55d2,PENNSYLVANIA STATE POLICE,0
ac5985,WEST VIRGINIA STATE POLICE,0
ac5989,PENNSYLVANIA STATE POLICE,0
ac5c54,GWINNETT COUNTY POLICE DEPARTMENT,0
ac5d40,PENNSYLVANIA STATE POLICE,0
ac60f7,PENNSYLVANIA STATE POLICE,0
ac6365,GWINNETT COUNTY POLICE DEPT,0
ac64ae,PENNSYLVANIA STATE POLICE,0
ac6d28,DEKALB COUNTY POLICE,0
ac6d90,OKLAHOMA DEPARTMENT OF PUBLIC SAFETY,1
ac6df4,STATE OF MISSOURI  MISSOURI HIGHWAY PATROL,0
ac6e82,MONTEREY COUNTY SHERIFFS OFFICE,0
ac6e92,TEXAS DEPARTMENT OF PUBLIC SAFETY,0
ac6fe9,KANSAS HIGHWAY PATROL  AIR SUPPORT UNIT,0
ac715d,GWINNETT COUNTY POLICE DEPARTMENT,0
ac72fb,ARIZONA DEPT OF PUBLIC SAFETY,0
ac73ad,MARTIN COUNTY SHERIFFS OFFICE,0
ac73eb,LIVINGSTON PARISH SHERIFFS OFFICE,1
ac7499,TN DEPT OF PUBLIC SAFETY,0
ac74ac,GWINNETT COUNTY POLICE DEPARTMENT,0
ac74c5,GWINNWTT COUNTY POLICE DEPARTMENT,0
ac77a2,LIVINGSTON PARISH SHERIFFS OFFICE,1
ac7b0e,DEPARTMENT OF CALIFORNIA HIGHWAY PATROL,0
ac7d0a,STATE OF ALASKA DEPARTMENT OF PUBLIC SAFETY,1
ac8265,GILA RIVER POLICE DEPARTMENT,0
ac827c,DEPARTMENT OF CALIFORNIA HIGHWAY PATROL,0
ac835d,GEORGIA DEPARTMENT OF PUBLIC SAFETY,1
ac861c,GILA RIVER POLICE DEPARTMENT,0
ac8633,DEPARTMENT OF CALIFORNIA HIGHWAY PATROL,0
ac8714,GEORGIA DEPARTMENT OF PUBLIC SAFETY,0
ac8a42,STATE OF ALASKA DEPT OF PUBLIC SAFETY AIRCRAFT,0
ac8ac6,STATE OF ALASKA DEPARTMENT OF PUBLIC SAFETY,0
ac8acf,STATE OF ALASKA DEPARTMENT OF PUBLIC SAFETY,0
ac8e82,GEORGIA DEPARTMENT OF PUBLIC SAFETY,1
ac9141,GILA RIVER POLICE DEPARTMENT,0
ac917c,JEFFERSON COUNTY SHERIFF DEPT,0
ac92b4,MIAMI-DADE POLICE DEPT  CRIME SCENE INVESTIGATIV,0
ac94a7,DEKALB POLICE DEPARTMENT,0
ac94b9,PUTNAM COUNTY SHERIFFS OFFICE,0
ac9524,WASHOE COUNTY SHERIFF DEPT,0
ac9582,STRATFORD POLICE DEPARTMENT,0
ac96c3,ARIZONA DEPARTMENT OF PUBLIC SAFETY,0
ac9768,STATE OF OHIO  DEPARTMENT OF PUBLIC SAFETY,0
ac978f,KNOX COUNTY SHERIFFS OFFICE,0
ac97f7,PRINCE GEORGES COUNTY POLICE DEPARTMENT,0
ac9869,MULTNOMAH COUNTY SHERIFFS OFFICE,0
ac98b0,MARTIN COUNTY SHERIFFS OFFICE,0
ac9a65,ALAMEDA CO SHERIFFS OFFICE,1
ac9a68,MARION COUNTY SHERIFFS OFFICE,0
ac9a6a,ST LUCIE COUNTY SHERIFFS OFFICE,0
ac9a71,ALBUQUERQUE POLICE DEPT AIR SUPPORT UNIT,0
ac9a73,WASHINGTON DC METROPOLITAN POLICE,0
ac9a75,KNOX COUNTY SHERIFFS DEPARTMENT,0
ac9a7a,STATE OF ARIZONA  ARIZONA DEPARTMENT OF PUBLIC S,1
ac9a7c,MARION COUNTY SHERIFFS OFFICE,0
ac9a7f,SUMTER COUNTY SHERIFFS OFFICE,0
ac9a95,CALIFORNIA HIGHWAY PATROL,0
ac9aa2,ST LOUIS COUNTY POLICE DEPARTMENT,1
ac9ab4,HILLSBOROUGH COUNTY SHERIFFS OFFICE,0
ac9ab6,BREVARD COUNTY SHERIFFS OFFICE,1
ac9abb,OAKLAND COUNTY POLICE DEPT,0
ac9acd,ALACHUA COUNTY SHERIFF,0
ac9ad4,ST LOUIS COUNTY POLICE DEPARTMENT,0
ac9add,MARION CO SHERIFFS OFFICE,0
ac9ae7,POLK COUNTY SHERIFFS OFFICE,0
ac9afb,SACRAMENTO COUNTY SHERIFFS DEPARTMENT,0
ac9afc,MARTIN COUNTY SHERIFFS OFFICE,0
ac9b01,POLK COUNTY SHERIFFS OFFICE,0
ac9b03,POLK COUNTY SHERIFFS OFFICE,0
ac9b1c,JEFFERSON PARISH SHERIFFS OFFICE  PURCHASING DIV,0
ac9b1d,MARION CO SHERIFFS OFFICE,0
ac9b1e,SANTA BARBARA COUNTY SHERIFFS DEPARTMENT,0
ac9b20,ANNE ARUNDEL COUNTY POLICE,0
ac9b35,JEFFERSON PARISH SHERIFFS OFFICE,1
ac9b38,POLK COUNTY SHERIFFS OFFICE,0
ac9b3d,BREVARD COUNTY SHERIFFS DEPARTMENT,1
ac9b40,ST LOUIS COUNTY POLICE,1
ac9b51,SANTA BARBARA SHERIFFS DEPT,0
ac9b57,MARION CO SHERIFF OFFICE,0
ac9b7c,MARION COUNTY SHERIFFS DEPARTMENT,0
ac9b83,MODESTO POLICE DEPARTMENT,0
ac9b88,ST LOUIS COUNTY POLICE DEPT  ATTN: CAPT JON BELM,1
ac9b9b,TEHAMA COUNTY SHERIFF'S OFFICE,0
ac9b9d,CHARLOTTE COUNTY SHERIFFS OFFICE,0
ac9ba2,WASHOE COUNTY SHERIFFS OFFICE,0
ac9ba5,ST LOUIS COUNTY (MO) POLICE DEPT,1
ac9bab,VILLAGE OF WINTHROP HARBOR POLICE DEPARTMENT,0
ac9bae,PRINCE GEORGES COUNTY POLICE DEPARTMENT,0
ac9baf,ST LOUIS COUNTY POLICE DEPARTMENT,1
ac9bbc,BREVARD COUNTY SHERIFFS OFFICE,0
ac9be0,POLK COUNTY SHERIFFS OFFICE,0
ac9be7,CITY OF RIVERSIDE  POLICE - AVIATION UNIT,0
ac9bee,POLK COUNTY SHERIFFS OFFICE,0
ac9bf0,SACRAMENTO COUNTY SHERIFFS DEPARTMENT,0
ac9bfd,ST LUCIE COUNTY SHERIFFS DEPT,0
ac9c03,MERCED COUNTY SHERIFFS OFFICE,0
ac9c09,ST LUCIE COUNTY SHERIFFS OFFICE,0
ac9c0a,BERNALILLO COUNTY SHERIFFS DEPARTMENT,0
ac9c1b,SAINT LUCIE COUNTY SHERIFFS OFFICE,0
ac9c28,INDIAN RIVER COUNTY SHERIFF'S OFFICE,0
ac9c37,CITY OF CHICAGO  CHICAGO POLICE DEPT,1
ac9c45,COOK COUNTY SHERIFF'S OFFICE,1
ac9c59,MONTPELIER POLICE DEPT,0
ac9c5f,POLK COUNTY SHERIFFS OFFICE,0
ac9c67,MARTIN COUNTY SHERIFFS OFFICE,0
ac9c6c,ANNE ARUNDEL COUNTY POLICE,0
ac9c6d,LAS VEGAS METROPOLITAN POLICE DEPARTMENT,0
ac9c8b,CHELAN COUNTY SHERIFFS OFFICE,0
ac9c9f,CITY OF CHICAGO  DEPARTMENT OF POLICE,1
ac9ca2,VILLAGE OF WINTHROP HARBOR POLICE DEPARTMENT,0
ac9caf,CITY OF CHICAGO DEPARTMENT OF POLICE,1
ac9cb0,CITY OF CHICAGO  DEPARTMENT OF POLICE,1
ac9cb1,CITY OF CHICAGO  DEPARTMENT OF POLICE,1
ac9cb2,BERNALALILLO COUNTY SHERIFFS OFFICE,0
ac9cb9,BERNALILLO COUNTY SHERIFF'S DEPT,1
ac9ce4,MARYLAND STATE POLICE,0
ac9e2c,KNOX COUNTY SHERIFFS OFFICE,0
ac9e2e,KNOX COUNTY SHERIFFS DEPARTMENT,0
ac9efd,KERN COUNTY SHERIFFS OFFICE,0
ac9f21,LEXINGTON FAYETTE URBAN COUNTY  DIVISION OF POLI,0
ac9f65,PRINCE GEORGES COUNTY POLICE DEPARTMENT,0
aca042,CHELAN COUNTY SHERIFFS OFFICE,0
aca1e8,ARIZONA DEPARTMENT OF PUBLIC SAFETY,0
aca1ef,MIAMI-DADE SHERIFF'S OFFICE  CRIME SCENE INVESTI,0
aca240,ORANGE COUNTY SHERIFF'S OFFICE,0
aca2a6,JEFFERSON PARISH SHERIFF'S OFFICE,0
aca2b4,KERN COUNTY SHERIFFS OFFICE,0
aca31c,PRINCE GEORGES COUNTY POLICE DEPARTMENT,0
aca3f9,CHELAN COUNTY SHERIFF,0
aca5f7,ORANGE COUNTY SHERIFFS OFFICE,0
aca659,JEFFERSON PARISH SHERIFF'S OFFICE,0
aca66b,KERN COUNTY SHERIFF DEPARTMENT,0
aca9ae,ORANGE COUNTY SHERIFFS OFFICE,0
acaa14,JEFFERSON PARISH SHERIFF'S OFFICE,0
acaa22,KERN COUNTY SHERIFF DEPARTMENT,0
acaad2,HARRIS COUNTY SHERIFF'S OFFICE,0
acadcb,JEFFERSON PARISH SHERIFF'S OFFICE,0
acadd9,KERN COUNTY SHERIFF DEPARTMENT,0
acae89,SACRAMENTO SHERIFFS OFFICE,0
acaeb4,LUBBOCK POLICE DEPT,0
acb03d,SEWARD COUNTY SHERIFF'S OFFICE,0
acb076,DEPARTMENT OF HOMELAND SECURITY,0
acb0a9,SEWARD COUNTY SHERIFF'S OFFICE,0
acb0ac,DEPT OF HOMELAND SECURITY,0
acb0cb,DEPARTMENT OF HOMELAND SECURITY,0
acb152,GILA RIVER POLICE DEPARTMENT,0
acb15c,DEPT OF HOMELAND SECURITY,0
acb175,DEPARTMENT OF HOMELAND SECURITY,0
acb1a0,DEPARTMENT OF HOMELAND SECURITY,0
acb1ad,DEPARTMENT OF HOMELAND SECURITY,0
acb1f5,NEW YORK CITY POLICE DEPARTMENT,0
acb202,DEPARTMENT OF HOMELAND SECURITY,0
acb234,DEPARTMENT OF HOMELAND SECURITY,0
acb245,SAN JUAN COUNTY SHERIFF DEPT,0
acb47b,SALT RIVER POLICE DEPARTMENT,0
acb496,CALIFORNIA HIGHWAY PATROL  OFFICE OF AIR OPERATI,0
acb4d3,ORANGE COUNTY SHERIFFS OFFICE,0
acb509,GILA RIVER POLICE DEPARTMENT,0
acb5ac,NEW YORK CITY POLICE DEPARTMENT,0
acb603,SALT RIVER POLICE DEPARTMENT,0
acb82d,KNOX COUNTY SHERIFFS OFFICE,0
acb82f,KNOX COUNTY SHERIFFS DEPART,0
acb963,NEW YORK CITY POLICE DEPARTMENT,0
acbc06,CANADIAN CO SHERIFFS OFFICE,0
acbca7,CITY OF JACKSONVILLE SHERIFFS OFFICE,0
acbd1a,CLARK COUNTY SHERIFFS OFFICE,0
acbe42,ARIZONA DEPARTMENT OF PUBLIC SAFETY,0
acbeaa,FRESNO COUNTY SHERIFF DEPT,0
acbee7,KANSAS HIGHWAY PATROL,0
acbf73,NEW YORK CITY POLICE DEPARTMENT,0
acc1f9,ARIZONA DEPARTMENT OF PUBLIC SAFETY,0
acc29e,DEPT OF CALIFORNIA HIGHWAY PATROL,0
acc32a,CITY OF NEW YORK POLICE DEPARTMENT,0
acc6e1,CITY OF NEW YORK POLICE DEPT,0
acc736,GEORGIA DEPARTMENT OF PUBLIC SAFETY,1
acc9bf,ORANGE COUNTY SHERIFFS OFFICE,0
acca0c,DEPT OF CALIFORNIA HIGHWAY PATROL,0
accae3,FRESNO COUNTY SHERIFFS DEPARTMENT  AIR SUPPORT U,0
accaed,GEORGIA STATE PATROL,0
accd76,ORANGE COUNTY SHERIFFS OFFICE,0
accea4,GEORGIA DEPT OF PUBLIC SAFETY  GEORGIA STATE PAT,1
accf62,MCLENNAN COUNTY SHERIFFS OFFICE,1
accf6b,MC LENNAN COUNTY SHERIFFS DEPT,1
accf6c,MCLENNAN COUNTY SHERIFF'S DEPARTMENT,1
acd0d5,PINAL COUNTY SHERIFFS OFFICE,0
acd163,GILA RIVER POLICE DEPARTMENT,0
acd25b,GEORGIA DEPARTMENT OF PUBLIC SAFETY,0
acd51a,GILA RIVER POLICE DEPARTMENT,0
acd89b,ORANGE COUNTY SHERIFFS OFFICE,0
acd93e,DEPARTMENT OF HOMELAND SECURITY,0
acd9c9,GEORGIA DEPARTMENT OF PUBLIC SAFETY,1
acdc52,ORANGE COUNTY SHERIFFS OFFICE,0
acdd80,GEORGIA STATE PATROL,0
acdffd,DEPARTMENT OF HOMELAND SECURITY,1
ace098,COLLIER COUNTY SHERIFFS OFFICE,0
ace0d3,METRO NASHVILLE POLICE,0
ace158,TEXAS DEPARTMENT OF PUBLIC SAFETY,0
ace471,MISSOURI STATE HIGHWAY PATROL,0
ace480,STRATFORD POLICE DEPT,0
ace5c1,ARIZONA DEPARTMENT OF PUBLIC SAFETY,0
ace5c5,BEAUFORT COUNTY SHERIFFS OFFICE,0
ace619,ORANGE COUNTY SHERIFFS OFFICE,0
ace666,KANSAS HIGHWAY PATROL,0
ace6f2,CULLMAN POLICE DEPARTMENT,0
ace747,GEORGIA DEPARTMENT OF PUBLIC SAFETY,1
ace978,ARIZONA DEPT OF PUBLIC SAFETY,0
ace9d0,CLACKAMAS COUNTY SHERIFFS OFFICE,0
acea1d,DEPT OF CALIFORNIA HIGHWAY PATROL,0
acea4d,CLACKAMAS COUNTY SHERIFFS OFFICE,0
aceafe,ILLINOIS STATE POLICE,0
aceb15,CLACKAMAS COUNTY SHERIFFS OFFICE,0
acf3f2,UTAH COUNTY SHERIFF,0
acf8f9,DEPT OF CALIFORNIA HIGHWAY PATROL,0
acfeef,OCEAN VIEW POLICE DEPARTMENT,0
ad001a,ORANGE COUNTY SHERIFFS OFFICE,0
ad03d1,ORANGE COUNTY SHERIFFS OFFICE,0
ad05c6,ALASKA DEPARTMENT OF PUBLIC SAFETY  AIRCRAFT SEC,1
ad0bf0,MISSOURI STATE HIGHWAY PATROL,0
ad0d40,ARIZONA DEPARTMENT OF PUBLIC SAFETY,0
ad0de5,KANSAS HIGHWAY PATROL  AIR SUPPORT UNIT,0
ad0ec6,GEORGIA DEPT OF PUBLIC SAFETY GEORGIA STATE PATR,0
ad10f7,ARIZONA DEPT OF PUBLIC SAFETY,0
ad121a,CHARLOTTE COUNTY SHERIFFS OFFICE,0
ad18bd,ORANGE COUNTY SHERIFFS OFFICE,0
ad19e0,SPALDING COUNTY SHERIFFS OFFICE,0
ad1d97,SPALDING COUNTY SHERIFFS OFFICE,0
ad1f3c,PIERCE COUNTY SHERIFFS DEPARTMENT  AIR SUPPORT U,0
ad202b,ORANGE COUNTY SHERIFFS OFFICE,0
ad2266,ALASKA DEPARTMENT OF PUBLIC SAFETY  AIRCRAFT SEC,1
ad22db,OCONEE COUNTY SHERIFF'S DEPT,0
ad23e2,ORANGE COUNTY SHERIFFS OFFICE,0
ad2505,SPALDING COUNTY SHERIFFS OFFICE,0
ad2799,ORANGE COUNTY SHERIFFS OFFICE,0
ad2c7e,STATE OF NEW YORK  DIVISION OF STATE POLICE,0
ad336f,MISSOURI STATE HIGHWAY PATROL AIRCRAFT DIVISION,0
ad337e,NEW MILFORD POLICE DEPARTMENT,0
ad34bf,ARIZONA DEPT OF PUBLIC SAFETY,0
ad3564,KANSAS HIGHWAY PATROL,0
ad3574,COUNTY OF LOS ANGELES SHERIFFS DEPT,0
ad35bc,LOS ANGELES COUNTY SHERIFFS DEPARTMENT  AERO BUR,0
ad3645,NEW YORK STATE POLICE,0
ad3860,LOS ANGELES COUNTY SHERIFFS DEPARTMENT,0
ad3876,ARIZONE DEPT OF PUBLIC SAFETY,0
ad389e,CITY OF CLEVELAND  CLEVELAND DVISION OF POLICE,1
ad395a,COUNTY OF LOS ANGELES  C/O SHERIFFS DEPT,0
ad39e3,CITY OF RIVERSIDE  POLICE AVIATION UNIT,0
ad3c55,CITY OF CLEVELAND  DEPARTMENT OF PUBLIC SAFETY,1
ad3ce5,COUNTY OF LOS ANGELES  C/O SHERIFFS DEPT,0
ad416a,NEW YORK STATE POLICE,0
ad43c3,CITY OF CLEVELAND POLICE DEPARTMENT,0
ad447e,COUNTY OF LOS ANGELES  C/O SHERIFFS DEPT,0
ad4cb0,TEXAS DEPARTMENT OF PUBLIC SAFETY,1
ad535a,COUNTY OF LOS ANGELES  C/O SHERIFFS DEPT,0
ad53f3,CHAUTAUQUA COUNTY SHERIFF OFFICE,0
ad57ae,SALINA COUNTY SHERIFFS DEPT,0
ad57b4,STATE OF NEW YORK  DIVISION OF STATE POLICE,0
ad5ce3,KANSAS HIGHWAY PATROL,0
ad5daa,ORANGE COUNTY SHERIFFS DEPARTMENT RNSP,0
ad5ff5,ARIZONA DEPT OF PUBLIC SAFETY,0
ad6083,GILA RIVER POLICE DEPARTMENT,0
ad6171,COUNTY OF LOS ANGELES SHERIFFS DEPARTMENT  AERO,0
ad643a,GILA RIVER POLICE DEPARTMENT,0
ad648f,COUNTY OF LOS ANGELES  C/O SHERIFFS DEPARTMENT,0
ad6532,NEW YORK STATE POLICE,0
ad67f1,GILA RIVER POLICE DEPARTMENT,0
ad68df,COUNTY OF LOS ANGELES  SHERIFFS AERO BUREAU,0
ad7057,LOUISIANA STATE POLICE,0
ad723f,KINGS COUNTY SHERIFFS DEPT,0
ad740e,LOUISIANA STATE POLICE,0
ad7ad4,SERGEANT JEFF GIRGLE C/O EL MONTE POLICE DEPT,0
ad7b9d,TEXAS DEPARTMENT OF PUBLIC SAFETY,0
ad7f28,ST CHARLES PARISH SHERIFFS OFFICE,0
ad81b0,KERN COUNTY SHERIFFS DEPARTMENT,0
ad8462,KANSAS HIGHWAY PATROL,0
ad84c6,MISSOURI STATE HIGHWAY PATROL,0
ad8774,ARIZONA DEPT OF PUBLIC SAFETY,0
ad88fa,ILLINOIS STATE POLICE  STATE OF ILLINOIS AIR OPE,0
ad8bb2,POLK COUNTY SHERIFFS OFFICE,0
ad933e,CALIFORNIA HIGHWAY PATROL  OFFICE OF AIR OPERATI,0
ad96f5,CALIFORNIA HIGHWAY PATROL  OFFICE OF AIR OPERATI,0
ad989b,LOUISIANA DEPARTMENT OF PUBLIC SAFETY  STATE POL,0
ad9aac,CALIFORNIA HIGHWAY PATROL,0
ad9e9c,SERGEANT JEFF GIRGLE C/O EL MONTE POLICE DEPT,0
ad9f44,ILLINOIS STATE POLICE,0
ada21a,CALIFORNIA HIGHWAY PATROL  OFFICE OF AIR OPERATI,0
ada5d1,CALIFORNIA HIGHWAY PATROL OFFICE OF AIR OPERATIO,0
adacb8,MARSHALL COUNTY SHERIFF OFFICE,0
adaee5,STATE OF ALASKA  DEPARTMENT OF PUBLIC SAFETY,0
adaef3,ARIZONA DEPT OF PUBLIC SAFETY,0
adaf98,CALIFORNIA HIGHWAY PATROL  OFFICE OF AIR OPERATI,0
adb34f,CALIFORNIA HIGHWAY PATROL  OFFICE OF AIR OPERATI,0
adb44c,MONROE COUNTY SHERIFFS OFFICE,0
adb64c,ALAMEDA COUNTY SHERIFFS OFFICE,0
adb706,CALIFORNIA HIGHWAY PATROL  OFFICE OF AIR OPERATI,0
adbabd,CALIFORNIA HIGHWAY PATROL  OFFICE OF AIR OPERATI,0
adbe74,CALIFORNIA HIGHWAY PATROL  OFFICE OF AIR OPERATI,0
adc22b,CALIFORNIA HIGHWAY PATROL  OFFICE OF AIR OPERATI,0
adc309,POLK COUNTY SHERIFF'S OFFICE,0
adc79e,MADERA COUNTY SHERIFFS OFFICE,0
adc999,CALIFORNIA HIGHWAY PATROL,0
adca7a,STATE OF NEW YORK  DIVISION OF STATE POLICE,1
adce96,DEPARTMENT OF HOMELAND SECURITY  CUSTOMS & BORDE,0
add2bb,SALT RIVER POLICE DEPARTMENT,0
add30a,ETOWAH COUNTY SHERIFF'S OFFICE,0
add3ec,SALT RIVER POLICE DEPARTMENT,0
add41d,RIVERSIDE COUNTY SHERIFFS,0
add437,RIVERSIDE COUNTY SHERIFFS DEPARTMENT,0
add476,SALT RIVER POLICE DEPT,0
add672,ARIZONA DEPT OF PUBLIC SAFETY,0
add6c1,ETOWAH COUNTY SHERIFFS OFFICE,0
add775,GEORGIA DEPARTMENT OF PUBLIC SAFETY,1
add7a3,OAKLAND COUNTY POLICE DEPT,0
add7f8,ILLINOIS STATE POLICE,0
adda78,ETOWAH COUNTY SHERIFFS OFFICE,0
addb8b,RIVERSIDE COUNTY SHERIFFS,0
addba5,COUNTY OF RIVERSIDE  RIVERSIDE SHERIFFS AVIATION,0
addf42,RIVERSIDE COUNTY SHERIFFS,0
ade2c8,SUFFOLK COUNTY POLICE DEPARTMENT,0
ade2d5,MISSISSIPPI DEPT OF PUBLIC SAFETY,0
ade2f9,RIVERSIDE COUNTY SHERIFFS,0
ade6be,RIVERSIDE COUNTY SHERIFFS,0
ade8ae,CITY OF ALBUQUERQUE  POLICE DEPARTMENT  AIR SUPP,0
ade930,IOWA STATE PATROL,0
adea67,RIVERSIDE COUNTY SHERIFF'S,0
adea75,RIVERSIDE COUNTY SHERIFFS DEPARTMENT,0
adf1a4,CITY OF MARICOPA POLICE DEPARTMENT,0
adf5a6,RIVERSIDE COUNTY SHERIFFS DEPARTMENT,0
ae0ce1,US CUSTOMS AND BORDER PROTECTION,0
ae0d7c,DEPARTMENT OF HOMELAND SECURITY,0
ae2d1e,US CUSTOMS & BORDER PROTECTION,0
ae2fd0,US CUSTOMS AND BORDER PROTECTION,0
ae4a89,DEPARTMENT OF HOMELAND SECURITY,0
ae4bd8,US CUSTOMS AND BORDER PROTECTION,0
ae4dde,US CUSTOMS & BORDER PROTECTION,0
ae4ddf,US CUSTOMS AND BORDER PROTECTION,0
ae4de0,US CUSTOMS AND BORDER PROTECTION,0
ae4ef0,US CUSTOMS AND BORDER PROTECTION,0
ae6987,DEPARTMENT OF HOMELAND SECURITY,0
af3bc5,US CUSTOMS & BORDER PROTECTION,0
af8421,US CUSTOMS & BORDER PROTECTION,0
c00714,PEEL REGIONAL POLICE,0
c02698,Province Of Ontario  Ministry of the Solicitor G,0
c06bdb,SASKATCHEWAN PUBLIC SAFETY AGENCY (AIR OPERATION,0
c06c0f,PROVINCE OF ONTARIO  MINISTRY OF THE SOLICITOR G,1
c07318,THE BOARD OF POLICE COMMISSIONERS IN AND FOR THE,1
c085d2,REGIONAL MUNICIPALITY OF YORK POLICE SERVICES BO,1
c4b960,US CUSTOMS & BORDER PROTECTION  NATIONAL AIR SEC,0
f2f7db,UNITED STATES CUSTOMS AND BORDER PROTECTION  OFF,0
